"Time (s)";"Latitude (°)";"Longitude (°)";"Height (m)";"Velocity (m/s)";"Direction (°)";"Horizontal Accuracy (m)";"Vertical Accuracy (°)"
3.774106503E-2;5.228189760E1;4.825862104E0;-1.448885833E0;NaN;NaN;1.940623033E1;3.000000000E1
5.540800095E-2;5.228178365E1;4.826393895E0;-1.449858581E0;NaN;NaN;5.206088764E1;3.000354277E1
4.651219845E-1;5.228181170E1;4.825834761E0;-1.365734563E0;NaN;NaN;2.637291667E1;3.000000000E1
6.909293771E0;5.228181898E1;4.825763483E0;-3.413914430E0;2.189837217E0;NaN;2.452074895E1;7.255672831E0
7.859289289E0;5.228180482E1;4.825811717E0;-3.428142662E0;1.420207500E0;NaN;2.098496320E1;6.600851538E0
8.809284329E0;5.228179211E1;4.825841564E0;-3.436505712E0;5.325722694E-1;NaN;1.916982228E1;6.443120455E0
9.759279370E0;5.228180140E1;4.825838122E0;-3.445442774E0;3.599430323E-1;NaN;1.648162763E1;6.406242647E0
1.072327459E1;5.228182710E1;4.825815160E0;-3.457281638E0;7.890157700E-1;NaN;1.585175935E1;6.405551584E0
1.172380316E1;5.228182580E1;4.825809300E0;-3.465298571E0;7.890157700E-1;NaN;1.563250691E1;6.433269427E0
1.272400761E1;5.228186449E1;4.825855616E0;-3.466204372E0;7.890157700E-1;1.529282203E1;1.338273269E1;6.345854231E0
1.372400904E1;5.228187114E1;4.825856488E0;-3.460626267E0;8.874416351E-1;2.287526866E1;1.320983107E1;2.548836411E1
1.472437370E1;5.228188170E1;4.825848044E0;-3.460584767E0;1.424024343E0;2.564366618E1;1.052130380E1;6.472397280E0
1.572428751E1;5.228191140E1;4.825851427E0;-3.461056558E0;2.179946184E0;1.551453919E1;1.063303980E1;6.483446678E0
1.672428322E1;5.228194405E1;4.825850974E0;-3.463977188E0;2.179946184E0;1.542231203E1;9.058460180E0;6.491022494E0
1.772416806E1;5.228197373E1;4.825862804E0;-3.466255605E0;2.638614178E0;1.650935303E1;9.212553524E0;6.446869445E0
1.872389472E1;5.228199662E1;4.825873729E0;-3.466254992E0;2.638614178E0;1.650936172E1;9.359476671E0;6.446869445E0
1.972389388E1;5.228204016E1;4.825881387E0;-3.466566279E0;3.409192801E0;1.275702574E1;9.474604997E0;6.424378381E0
2.072471285E1;5.228210587E1;4.825890378E0;-3.457919251E0;4.679783344E0;1.661523701E1;8.378986141E0;7.032912465E0
2.172386408E1;5.228216816E1;4.825912231E0;-3.456105545E0;5.230459213E0;2.036233240E1;7.896784166E0;8.754807540E0
2.272386324E1;5.228222959E1;4.825941419E0;-3.453118497E0;5.230459213E0;2.154037183E1;7.610059823E0;9.879058539E0
2.372363591E1;5.228228617E1;4.825972792E0;-3.452586059E0;5.575597286E0;2.302527353E1;7.574783696E0;8.057084098E0
2.472428429E1;5.228234985E1;4.826019796E0;-3.447003143E0;5.907857418E0;2.502035316E1;7.467374552E0;8.084827043E0
2.572428465E1;5.228241047E1;4.826059853E0;-3.444524276E0;7.144555569E0;2.427872519E1;7.614098458E0;8.102403962E0
2.672428334E1;5.228269721E1;4.826168379E0;-3.442525134E0;7.339869499E0;2.419845802E1;1.729937835E1;8.137370318E0
2.772428167E1;5.228276808E1;4.826230036E0;-3.427345059E0;7.339869499E0;2.501654969E1;1.710013083E1;8.259719170E0
2.872428048E1;5.228284736E1;4.826280855E0;-3.414228166E0;7.519707680E0;2.507326989E1;1.719097657E1;8.358820020E0
2.972427833E1;5.228292226E1;4.826342022E0;-3.413871841E0;7.714542866E0;2.571287814E1;1.696203072E1;8.272952736E0
3.072427666E1;5.228297828E1;4.826441019E0;-3.429098692E0;7.866077900E0;2.659405467E1;1.564655274E1;8.086929565E0
3.172427440E1;5.228304535E1;4.826507524E0;-3.444541281E0;7.866077900E0;2.565422364E1;1.442941101E1;7.956419311E0
3.272427177E1;5.228309741E1;4.826546274E0;-3.445481390E0;6.792379856E0;2.216515372E1;1.397874623E1;7.850757544E0
3.372426927E1;5.228311597E1;4.826646559E0;-3.432256723E0;5.847202301E0;2.452767754E1;1.421001346E1;8.028564688E0
3.472426653E1;5.228313240E1;4.826658784E0;-3.433940221E0;4.228948116E0;2.452767754E1;1.429878668E1;8.060450258E0
3.572426319E1;5.228315720E1;4.826677165E0;-3.429306126E0;2.636912346E0;2.409041977E1;1.389895250E1;7.923643758E0
3.672426093E1;5.228319899E1;4.826707629E0;-3.403333480E0;2.985866547E0;2.409041977E1;1.378978554E1;9.195688363E0
3.772425735E1;5.228324626E1;4.826741928E0;-3.381492288E0;2.985866547E0;2.044370461E1;1.374250991E1;1.059384584E1
3.872425413E1;5.228328142E1;4.826763301E0;-3.456224339E0;3.596731901E0;2.044370461E1;1.290027224E1;1.125604828E1
3.972425067E1;5.228331410E1;4.826783164E0;-3.535307085E0;3.649522305E0;2.044370461E1;1.251198736E1;1.130359533E1
4.072424734E1;5.228335670E1;4.826779826E0;-3.628916337E0;4.508034229E0;5.244075285E1;1.182699133E1;1.291012592E1
4.172424304E1;5.228336734E1;4.826851483E0;-3.657614944E0;4.508034229E0;6.240647276E1;1.149425843E1;1.315061840E1
4.272423983E1;5.228339162E1;4.826857610E0;-3.665036611E0;4.508034229E0;7.213637475E1;1.164077051E1;1.352142547E1
4.372423553E1;5.228334015E1;4.826976630E0;-3.623206332E0;4.244574070E0;1.146302185E2;1.161375056E1;1.362613940E1
4.472423172E1;5.228332921E1;4.827015549E0;-3.586204674E0;3.716236115E0;1.146302185E2;1.209751894E1;1.420718644E1
4.572422779E1;5.228331363E1;4.827070943E0;-3.510144016E0;3.642353296E0;1.146302185E2;1.278411681E1;1.475224396E1
4.672422373E1;5.228329261E1;4.827145697E0;-3.485506373E0;4.296018600E0;1.146302185E2;2.005261368E1;2.209491429E1
4.772421980E1;5.228327023E1;4.827225288E0;-3.443242564E0;4.296018600E0;1.146302185E2;1.810503794E1;1.893280703E1
4.872421527E1;5.228324175E1;4.827326592E0;-3.423820974E0;5.204414845E0;1.146302185E2;1.949108926E1;1.907344211E1
4.972421098E1;5.228320574E1;4.827454644E0;-3.473777153E0;5.985483646E0;1.146302185E2;2.024029453E1;1.912086039E1
5.072420657E1;5.228314577E1;4.827671467E0;-3.583501320E0;8.157397270E0;1.142203293E2;1.198642726E1;1.536587518E1
5.172420299E1;5.228311087E1;4.827797948E0;-3.478909759E0;8.157397270E0;1.142203293E2;1.425613984E1;1.881634006E1
5.272419870E1;5.228309304E1;4.827922659E0;-3.425770831E0;7.991011143E0;1.142203293E2;1.178661539E1;1.520662791E1
5.372419369E1;5.228305356E1;4.828008324E0;-3.248367734E0;7.441208839E0;1.142203293E2;1.153596623E1;1.429883634E1
5.472418940E1;5.228296763E1;4.828178517E0;-3.379256842E0;7.441208839E0;1.331235809E2;1.371952267E1;1.667613503E1
5.572418487E1;5.228284505E1;4.828305708E0;-4.385846340E0;8.448394775E0;1.583701935E2;1.072221656E1;1.361003044E1
5.672418058E1;5.228276283E1;4.828369479E0;-4.507029091E0;8.471859932E0;1.601245117E2;1.325275429E1;1.682933185E1
5.772417569E1;5.228268221E1;4.828412741E0;-4.439048350E0;8.471859932E0;1.572093811E2;1.366707355E1;1.714513225E1
5.872417092E1;5.228261170E1;4.828487585E0;-4.270214896E0;8.471859932E0;1.515561523E2;1.151144790E1;1.448400585E1
5.972416615E1;5.228256250E1;4.828607161E0;-4.247950770E0;8.440054893E0;1.377581787E2;1.147538131E1;1.353352838E1
6.072416210E1;5.228265263E1;4.828326144E0;9.671193874E-1;9.727106172E0;1.189876251E2;3.993393655E1;5.924665415E0
6.172415733E1;5.228246942E1;4.828909634E0;-3.878741707E0;9.414615631E0;1.144884338E2;1.175846421E1;1.390463346E1
6.272415197E1;5.228243277E1;4.829042732E0;-3.893058613E0;9.414615631E0;1.141880417E2;1.183209999E1;1.404635463E1
6.372414708E1;5.228239892E1;4.829164483E0;-3.979463396E0;9.419931412E0;1.144801941E2;1.195548921E1;1.432121770E1
6.472414243E1;5.228235739E1;4.829312880E0;-4.189737869E0;9.732518196E0;1.145897369E2;1.050654796E1;1.458214618E1
6.572413826E1;5.228230516E1;4.829498971E0;-4.255945641E0;1.141642857E1;1.145897369E2;1.234087811E1;1.765631142E1
6.672413290E1;5.228225290E1;4.829686193E0;-4.016937685E0;1.180634689E1;1.146328125E2;9.940829902E0;1.421055403E1
6.772412765E1;5.228220097E1;4.829870870E0;-3.525944754E0;1.180634689E1;1.146328125E2;9.647059140E0;7.297792635E0
6.872412372E1;5.228214731E1;4.830062027E0;-3.461449301E0;1.206674576E1;1.145201721E2;9.438219958E0;7.097588940E0
6.972411823E1;5.228211236E1;4.830252053E0;-3.445016127E0;1.229084682E1;1.145201721E2;9.449323545E0;7.000449659E0
7.072411311E1;5.228205435E1;4.830394300E0;-3.440397929E0;1.174269772E1;1.145201721E2;9.740583062E0;7.094345998E0
7.172410905E1;5.228201052E1;4.830551196E0;-3.442250750E0;1.174269772E1;1.144904022E2;9.845443510E0;7.041146859E0
7.272410369E1;5.228196977E1;4.830698016E0;-3.480272500E0;1.144479752E1;1.142720947E2;9.828362751E0;6.900486325E0
7.372409832E1;5.228193073E1;4.830839021E0;-3.470712487E0;1.123310184E1;1.133808975E2;9.843665001E0;6.822377651E0
7.472409332E1;5.228189373E1;4.830978586E0;-3.459534544E0;1.061461544E1;1.133808975E2;9.703819420E0;6.765761826E0
7.572408926E1;5.228185825E1;4.831113128E0;-3.438486341E0;1.025680923E1;1.125498581E2;9.663788563E0;6.684961409E0
7.672408319E1;5.228182464E1;4.831240724E0;-3.404096877E0;1.025680923E1;1.134487152E2;9.374645652E0;6.488485330E0
7.772407913E1;5.228179946E1;4.831337211E0;-3.380163548E0;8.949633598E0;1.128376923E2;9.016512824E0;6.588215150E0
7.872407365E1;5.228177845E1;4.831418549E0;-3.452566781E0;7.798627377E0;1.128376923E2;8.829472526E0;6.514082607E0
7.972406876E1;5.228175669E1;4.831499796E0;-3.447315225E0;7.114954472E0;1.139471970E2;8.486513468E0;6.435390576E0
8.072406375E1;5.228172713E1;4.831608326E0;-4.266423296E0;6.055187367E0;1.139471970E2;6.169835010E0;3.000000000E0
8.172405875E1;5.228171131E1;4.831666405E0;-4.455937542E0;5.220435659E0;1.139471970E2;6.258190501E0;3.000000000E0
8.272405434E1;5.228169387E1;4.831728482E0;-5.273433561E0;4.902387998E0;1.148023453E2;6.392084857E0;3.000000000E0
8.372404909E1;5.228167762E1;4.831785835E0;-5.183242999E0;4.526661704E0;1.148023453E2;6.506900289E0;3.000000000E0
8.472404337E1;5.228167317E1;4.831801543E0;-5.455825041E0;3.551253672E0;1.148023453E2;6.267814450E0;3.000000000E0
8.572403872E1;5.228166630E1;4.831825759E0;-5.317469683E0;3.703675607E0;7.522269417E1;1.441080603E1;3.000000000E0
8.672403347E1;5.228184236E1;4.831964465E0;-4.849349579E0;4.729492248E0;2.276303673E1;6.132366846E0;3.000000000E0
8.772402811E1;5.228191592E1;4.832015302E0;-3.388612512E0;5.993605873E0;2.276303673E1;6.115543754E0;3.000000000E0
8.872402322E1;5.228197807E1;4.832044052E0;-2.971278916E0;6.760781041E0;2.368202209E1;6.243526199E0;3.000000000E0
8.972401869E1;5.228205773E1;4.832084728E0;-2.915852776E0;7.954400214E0;2.368202209E1;6.443011817E0;3.000000000E0
9.072401369E1;5.228213695E1;4.832136489E0;-2.505288221E0;8.696286593E0;2.368202209E1;8.563711355E0;3.000000000E0
9.172400856E1;5.228221019E1;4.832207008E0;-2.428331226E0;8.987263003E0;2.441091156E1;1.124115305E1;3.000000000E0
9.272400308E1;5.228228751E1;4.832264220E0;-1.935926536E0;9.039496671E0;2.441091156E1;1.200239077E1;3.000000000E0
9.372399843E1;5.228235833E1;4.832316633E0;-2.325051230E0;8.764707949E0;2.441091156E1;1.255904218E1;3.000000000E0
9.472399294E1;5.228242280E1;4.832364343E0;-7.527258191E-1;8.260318590E0;2.441091156E1;1.194656677E1;3.000000000E0
9.572398829E1;5.228246949E1;4.832398954E0;-1.504405187E-1;7.260683932E0;2.468872643E1;1.030085028E1;3.000000000E0
9.672398245E1;5.228252108E1;4.832437623E0;-2.179166555E0;6.466939886E0;2.468872643E1;1.030085027E1;3.000000000E0
9.772397792E1;5.228255198E1;4.832460787E0;-2.404778420E0;5.312280791E0;2.468872643E1;1.025469576E1;3.000000000E0
9.872397208E1;5.228257151E1;4.832475430E0;-2.595212423E0;4.097675651E0;2.468872643E1;1.281540230E1;3.000000000E0
9.972396743E1;5.228258303E1;4.832484062E0;-3.151194089E0;2.843364894E0;2.468872643E1;1.311433760E1;3.000000000E0
1.007239627E2;5.228258061E1;4.832482246E0;-3.485535347E0;1.549244183E0;2.468872643E1;1.316158845E1;3.000000000E0
1.017239568E2;5.228257726E1;4.832479734E0;-3.725889610E0;0.000000000E0;2.468872643E1;1.296670646E1;3.000000000E0
1.027239524E2;5.228258512E1;4.832485627E0;-4.424373718E0;6.830839330E-1;2.468872643E1;1.332695009E1;3.000000000E0
1.037239474E2;5.228258212E1;4.832483383E0;-3.890198007E0;0.000000000E0;2.468872643E1;1.334058968E1;3.000000000E0
1.047239416E2;5.228258212E1;4.832483383E0;-3.890198007E0;0.000000000E0;2.468872643E1;1.365776266E1;3.102896933E0
1.057239372E2;5.228258212E1;4.832483383E0;-3.890198007E0;0.000000000E0;2.468872643E1;1.331357886E1;3.096949423E0
1.067239318E2;5.228258212E1;4.832483383E0;-3.890198007E0;0.000000000E0;2.468872643E1;1.336484097E1;3.170673521E0
1.077239261E2;5.228258212E1;4.832483383E0;-3.890198007E0;0.000000000E0;2.468872643E1;1.312254325E1;3.199351659E0
1.087239212E2;5.228258212E1;4.832483383E0;-3.890198007E0;0.000000000E0;2.468872643E1;1.317215533E1;3.275585458E0
1.097239159E2;5.228258212E1;4.832483383E0;-3.890198007E0;0.000000000E0;2.468872643E1;1.320377762E1;3.278177551E0
1.107239114E2;5.228258212E1;4.832483383E0;-3.890198007E0;0.000000000E0;2.468872643E1;1.329075252E1;3.115699153E0
1.117239058E2;5.228258212E1;4.832483383E0;-3.890198007E0;0.000000000E0;2.468872643E1;1.365012457E1;3.202058688E0
1.127239009E2;5.228258212E1;4.832483383E0;-3.890198007E0;0.000000000E0;2.468872643E1;1.364969514E1;3.234779901E0
1.137238954E2;5.228259484E1;4.832438278E0;-3.890198007E0;0.000000000E0;9.443935156E0;1.349957781E1;3.166163329E0
1.147238910E2;5.228259484E1;4.832438278E0;-3.890198007E0;0.000000000E0;9.443935156E0;1.345933469E1;3.084395483E0
1.157238853E2;5.228259484E1;4.832438278E0;-3.890198007E0;0.000000000E0;9.443935156E0;1.336844927E1;3.110451856E0
1.167238799E2;5.228259484E1;4.832438278E0;-3.890198007E0;0.000000000E0;9.443935156E0;1.352884997E1;3.198386750E0
1.177238752E2;5.228259484E1;4.832438278E0;-3.890198007E0;0.000000000E0;9.443935156E0;1.371511288E1;3.479442302E0
1.187238704E2;5.228259484E1;4.832438278E0;-3.890198007E0;0.000000000E0;9.443935156E0;1.365977929E1;3.486514238E0
1.197238653E2;5.228259484E1;4.832438278E0;-3.890198007E0;0.000000000E0;9.443935156E0;1.373895652E1;3.520920957E0
1.207238598E2;5.228259484E1;4.832438278E0;-3.890198007E0;0.000000000E0;9.443935156E0;1.362620778E1;3.514247027E0
1.217238550E2;5.228259484E1;4.832438278E0;-3.890198007E0;0.000000000E0;9.443935156E0;1.370162287E1;3.552857550E0
1.227238501E2;5.228259484E1;4.832438278E0;-3.890198007E0;0.000000000E0;9.443935156E0;1.379739894E1;3.599833838E0
1.237238445E2;5.228259484E1;4.832438278E0;-3.890198007E0;0.000000000E0;9.443935156E0;1.405112619E1;3.679939624E0
1.247238395E2;5.228259484E1;4.832438278E0;-3.890198007E0;0.000000000E0;9.443935156E0;1.413817504E1;3.735197056E0
1.257238345E2;5.228260326E1;4.832438714E0;-3.890198007E0;0.000000000E0;9.443935156E0;7.275982824E0;3.684375627E0
1.267238290E2;5.228260151E1;4.832438624E0;-3.890198007E0;0.000000000E0;9.443935156E0;6.601550581E0;3.954156973E0
1.277238243E2;5.228260036E1;4.832438564E0;-3.890198007E0;0.000000000E0;9.443935156E0;6.134510663E0;3.986062008E0
1.287238185E2;5.228260033E1;4.832438563E0;-3.890198007E0;0.000000000E0;9.443935156E0;6.131066844E0;3.904251176E0
1.297238135E2;5.228259951E1;4.832438520E0;-3.890198007E0;0.000000000E0;9.443935156E0;5.784804283E0;3.954830013E0
1.307238085E2;5.228260240E1;4.832435327E0;-3.890198007E0;0.000000000E0;9.443935156E0;5.332839598E0;3.975219582E0
1.317238039E2;5.228260156E1;4.832435653E0;-3.890198007E0;0.000000000E0;9.443935156E0;5.063811371E0;3.933997229E0
1.327237978E2;5.228260155E1;4.832435659E0;-3.890198007E0;0.000000000E0;9.443935156E0;5.086028011E0;3.880990636E0
1.337237937E2;5.228258867E1;4.832443051E0;-2.212679852E0;0.000000000E0;9.436153957E-1;1.562959367E1;3.962855912E0
1.347237880E2;5.228258867E1;4.832443051E0;-2.212679852E0;0.000000000E0;9.436153957E-1;1.558947697E1;3.922726614E0
1.357237829E2;5.228258867E1;4.832443051E0;-2.212679852E0;0.000000000E0;9.436153957E-1;1.557028657E1;3.966588034E0
1.367237781E2;5.228263204E1;4.832478005E0;-3.858391004E0;1.927845460E0;1.750506391E1;1.553761873E1;3.882239022E0
1.377236488E2;5.228267620E1;4.832506067E0;-3.565496201E0;3.113044167E0;2.110899558E1;1.588726511E1;3.825917608E0
1.387233366E2;5.228272942E1;4.832542709E0;-3.270095781E0;4.314917852E0;2.408443528E1;1.639406707E1;3.717183176E0
1.397233384E2;5.228278730E1;4.832588589E0;-3.552572861E0;5.362311216E0;2.696057423E1;1.634556203E1;3.465026443E0
1.407236595E2;5.228285654E1;4.832648767E0;-3.794677695E0;6.432230697E0;2.926293898E1;1.587511220E1;3.155568357E0
1.417233539E2;5.228292976E1;4.832709541E0;-3.724051639E0;7.251971754E0;2.890689772E1;1.511459233E1;3.000000000E0
1.427233620E2;5.228300907E1;4.832773904E0;-4.290985849E0;8.016311844E0;2.805025376E1;1.527980217E1;3.000000000E0
1.437236896E2;5.228307800E1;4.832827986E0;-4.590151817E0;8.277335624E0;2.725047556E1;1.557286743E1;3.000000000E0
1.447233928E2;5.228316469E1;4.832889737E0;-3.195482846E0;8.910471932E0;2.603223145E1;1.667743030E1;3.000000000E0
1.457234021E2;5.228327509E1;4.832957628E0;-6.708507687E-1;1.008910499E1;2.435371478E1;1.446730978E1;3.000000000E0
1.467237225E2;5.228337596E1;4.833029179E0;5.174888782E-1;1.082622003E1;2.411762483E1;1.289420971E1;3.000000000E0
1.477234212E2;5.228346837E1;4.833098147E0;8.976001097E-1;1.102260921E1;2.390956682E1;1.584902611E1;3.614071490E0
1.487234290E2;5.228355644E1;4.833219544E0;-2.355810397E0;1.151671380E1;2.581960487E1;1.501645753E1;3.000000000E0
1.497237527E2;5.228366151E1;4.833302504E0;-2.200118800E0;1.194007703E1;2.589599800E1;1.323636373E1;3.000000000E0
1.507234508E2;5.228377706E1;4.833392686E0;-1.720111865E0;1.249914803E1;2.533214951E1;1.406647146E1;3.000000000E0
1.517234560E2;5.228389162E1;4.833479950E0;-3.259977512E-1;1.274733867E1;2.460339165E1;1.307310351E1;3.000000000E0
1.527234592E2;5.228400532E1;4.833564846E0;3.493748978E-1;1.293881864E1;2.460339165E1;1.017823626E1;3.000000000E0
1.537234616E2;5.228411582E1;4.833638659E0;-7.718807841E-1;1.289605912E1;2.256907654E1;8.493501927E0;3.000000000E0
1.547234638E2;5.228422348E1;4.833711568E0;-1.377897492E0;1.289973893E1;2.218240738E1;8.564783202E0;3.000000000E0
1.557234662E2;5.228433907E1;4.833788412E0;-6.093374444E-1;1.327476368E1;2.218240738E1;8.438708543E0;3.000000000E0
1.567234671E2;5.228444623E1;4.833860807E0;-2.648913922E0;1.332231358E1;2.260763741E1;8.158730311E0;3.000000000E0
1.577234683E2;5.228454253E1;4.833959051E0;-6.796288462E-1;1.335989901E1;2.260763741E1;6.439554803E0;3.000000000E0
1.587234700E2;5.228466894E1;4.834054506E0;-1.165377589E0;1.366924236E1;2.343409538E1;6.252708440E0;3.000000000E0
1.597234693E2;5.228478631E1;4.834141522E0;-1.191870509E0;1.370180065E1;2.343409538E1;6.694452444E0;3.000000000E0
1.607234696E2;5.228490510E1;4.834225667E0;-6.535187224E-1;1.379114077E1;2.599288368E1;7.203488253E0;3.000000000E0
1.617234693E2;5.228502585E1;4.834315000E0;-1.609861959E0;1.390872014E1;2.599288368E1;7.285158584E0;3.000000000E0
1.627234688E2;5.228515044E1;4.834422886E0;-3.784559006E-1;1.426380278E1;2.544466972E1;7.612456519E0;3.000000000E0
1.637234684E2;5.228528122E1;4.834514619E0;-3.023229302E0;1.451421231E1;2.303918648E1;8.195716091E0;3.000000000E0
1.647234671E2;5.228539034E1;4.834603210E0;-6.520730869E0;1.429019395E1;2.207795715E1;8.924363395E0;3.000000000E0
1.657234666E2;5.228550289E1;4.834698411E0;-6.644559584E0;1.410453380E1;2.207795715E1;9.603629029E0;3.000000000E0
1.667234656E2;5.228562170E1;4.834787638E0;-5.604363415E0;1.412974766E1;2.219994545E1;9.897945277E0;3.000000000E0
1.677234632E2;5.228572746E1;4.834840636E0;-1.828376082E0;1.357339328E1;2.219994545E1;9.195430050E0;3.000000000E0
1.687234627E2;5.228584604E1;4.834915043E0;-1.007600076E0;1.370816365E1;2.274053955E1;8.717562452E0;3.000000000E0
1.697234600E2;5.228597183E1;4.834996068E0;2.554200096E-1;1.388061335E1;2.143468475E1;8.369688376E0;3.000000000E0
1.707234589E2;5.228607277E1;4.835076423E0;-2.846844271E-1;1.354212794E1;2.143468475E1;7.980221780E0;3.000000000E0
1.717234563E2;5.228618147E1;4.835141652E0;2.737550540E-1;1.309383185E1;2.143468475E1;7.508106243E0;3.000000000E0
1.727234541E2;5.228626273E1;4.835213015E0;-6.316564877E0;1.196600940E1;2.152037430E1;7.161479192E0;3.000000000E0
1.737234514E2;5.228636277E1;4.835283002E0;-7.166972565E0;1.158943371E1;2.144096184E1;6.678501284E0;3.000000000E0
1.747234495E2;5.228644773E1;4.835348273E0;-9.856699926E0;1.098857133E1;2.144096184E1;6.442881993E0;3.000000000E0
1.757234462E2;5.228653013E1;4.835405494E0;-9.849619122E0;1.019494430E1;2.134182739E1;6.227103796E0;3.000000000E0
1.767234439E2;5.228659917E1;4.835452260E0;-9.894401009E0;9.139759055E0;2.134182739E1;6.133410254E0;3.000000000E0
1.777234404E2;5.228668851E1;4.835460326E0;-9.963297470E0;9.296251080E0;2.137714958E1;4.806168099E0;3.000000000E0
1.787234380E2;5.228674615E1;4.835509245E0;-9.829415228E0;9.048027427E0;2.137714958E1;5.053384118E0;3.000000000E0
1.797234348E2;5.228680981E1;4.835514902E0;-8.704442998E0;8.691703162E0;2.141885948E1;8.412162717E0;3.000000000E0
1.807234321E2;5.228687419E1;4.835556078E0;-8.627767308E0;9.138539393E0;5.765391826E1;1.751682959E1;3.000000000E0
1.817234290E2;5.228675015E1;4.835937531E0;-9.052601346E0;9.117596207E0;9.459290314E1;8.295413696E0;3.000000000E0
1.827234257E2;5.228674157E1;4.836100072E0;-9.590318415E0;9.264175417E0;9.551963806E1;5.193063487E0;3.000000000E0
1.837234225E2;5.228672545E1;4.836264790E0;-8.751778767E0;9.634654606E0;9.551963806E1;4.074856156E0;3.361736743E0
1.847234190E2;5.228672108E1;4.836431518E0;-7.267656332E0;1.017639348E1;9.511437225E1;6.374061330E0;4.523860210E0
1.857234156E2;5.228671983E1;4.836601103E0;-7.877572481E0;1.067505017E1;9.511437225E1;6.991552925E0;4.251539361E0
1.867234118E2;5.228671815E1;4.836773239E0;-7.907834857E0;1.109255595E1;9.511437225E1;6.412008011E0;3.339879552E0
1.877234082E2;5.228667943E1;4.836947515E0;-7.731143444E0;1.145388920E1;9.511437225E1;6.566416149E0;3.897511160E0
1.887234052E2;5.228666867E1;4.837143071E0;-6.167139570E0;1.202972429E1;9.511437225E1;7.685999129E0;4.043799825E0
1.897234019E2;5.228665843E1;4.837357538E0;-4.448547336E0;1.282881676E1;9.511437225E1;8.744205368E0;3.000000000E0
1.907233979E2;5.228665675E1;4.837566343E0;-3.638444056E0;1.315971060E1;9.511437225E1;8.429561802E0;3.000000000E0
1.917233940E2;5.228665695E1;4.837782202E0;-1.883913648E0;1.350597152E1;9.511437225E1;6.818254776E0;3.000000000E0
1.927233899E2;5.228665228E1;4.838000458E0;-1.174377525E0;1.369281242E1;9.519763184E1;6.220198468E0;3.000000000E0
1.937233862E2;5.228661187E1;4.838233886E0;1.188354877E0;1.411202469E1;9.519763184E1;7.748996728E0;3.000000000E0
1.947233829E2;5.228660898E1;4.838455502E0;1.703875350E0;1.433783552E1;9.519763184E1;5.140965080E0;3.000000000E0
1.957233789E2;5.228660531E1;4.838657827E0;4.778568897E0;1.403983871E1;9.519763184E1;5.004805865E0;3.000000000E0
1.967233751E2;5.228659845E1;4.838869370E0;3.149651048E0;1.409480837E1;9.519763184E1;5.549341676E0;3.000000000E0
1.977233713E2;5.228659156E1;4.839076906E0;1.317007278E0;1.403006394E1;9.519763184E1;6.094988526E0;3.000000000E0
1.987233673E2;5.228657657E1;4.839291655E0;1.130227834E0;1.404965940E1;9.515795135E1;6.594949955E0;3.000000000E0
1.997233634E2;5.228656606E1;4.839501344E0;-1.344230520E0;1.397847071E1;9.515795135E1;7.068646623E0;3.000000000E0
2.007233591E2;5.228655225E1;4.839717432E0;-2.611049401E0;1.399199429E1;9.494654846E1;7.473471947E0;3.000000000E0
2.017233551E2;5.228654389E1;4.839931838E0;-2.497924660E0;1.381411849E1;9.500410461E1;7.922092382E0;3.000000000E0
2.027233510E2;5.228651885E1;4.840125763E0;-3.844478067E0;1.346822041E1;9.500410461E1;8.150590421E0;3.000000000E0
2.037233479E2;5.228650889E1;4.840311269E0;-4.569620748E0;1.320725270E1;9.500410461E1;7.246211650E0;3.000000000E0
2.047233433E2;5.228649872E1;4.840500557E0;-4.231665926E0;1.310903409E1;9.500410461E1;6.641512604E0;3.000000000E0
2.057233391E2;5.228648908E1;4.840680179E0;-3.246334914E0;1.281497669E1;9.500410461E1;6.499721579E0;3.000000000E0
2.067233348E2;5.228647000E1;4.840830004E0;-3.066042634E-1;1.175332580E1;9.486909485E1;4.582422406E0;3.000000000E0
2.077233315E2;5.228646464E1;4.840991971E0;-3.003859914E0;1.127576192E1;9.486909485E1;5.550442214E0;3.000000000E0
2.087233270E2;5.228645612E1;4.841134420E0;-2.148320422E0;1.053750198E1;9.486909485E1;5.928253897E0;3.000000000E0
2.097233223E2;5.228644801E1;4.841259799E0;-1.211856821E0;9.611106195E0;9.486909485E1;7.322078087E0;3.000000000E0
2.107233186E2;5.228644426E1;4.841370131E0;-8.761429852E-1;8.693115905E0;9.486909485E1;7.280000826E0;3.000000000E0
2.117233145E2;5.228644251E1;4.841461105E0;-3.035071535E0;7.758842355E0;9.486909485E1;6.438940391E0;3.000000000E0
2.127233106E2;5.228642040E1;4.841507847E0;-3.332779503E0;6.399655706E0;1.068639832E2;6.653991656E0;3.000000000E0
2.137233059E2;5.228641349E1;4.841544987E0;-3.312619555E0;4.946250598E0;1.068639832E2;6.452388873E0;3.000000000E0
2.147233019E2;5.228640847E1;4.841572003E0;-3.065907048E0;3.344872107E0;1.068639832E2;6.199655361E0;3.000000000E0
2.157232975E2;5.228645724E1;4.841593295E0;-3.653204171E0;1.439483630E0;9.175670984E1;6.029977496E0;3.000000000E0
2.167232932E2;5.228646195E1;4.841593491E0;-3.990900845E0;6.942909193E-1;7.201466134E1;6.557403959E0;3.000000000E0
2.177232894E2;5.228646237E1;4.841591597E0;-3.923415090E0;0.000000000E0;6.503890610E1;7.052501198E0;3.000000000E0
2.187232853E2;5.228646237E1;4.841591597E0;-3.923415090E0;0.000000000E0;6.503890610E1;7.784775173E0;3.000000000E0
2.197232810E2;5.228647921E1;4.841653763E0;-3.794419643E0;1.566297053E0;8.013667903E1;8.284157486E0;3.000000000E0
2.207232765E2;5.228648371E1;4.841671597E0;-3.249697396E0;0.000000000E0;7.969450189E1;8.960080396E0;3.000000000E0
2.217232722E2;5.228648371E1;4.841671597E0;-3.249697396E0;0.000000000E0;7.969450189E1;9.918405980E0;3.000000000E0
2.227232682E2;5.228651663E1;4.841884878E0;-1.598733323E0;4.814154207E0;7.562715464E1;1.333402609E1;3.000000000E0
2.237232641E2;5.228654708E1;4.841996450E0;-1.778408132E0;6.029669458E0;7.015201646E1;1.290727732E1;3.000000000E0
2.247232597E2;5.228657911E1;4.842090303E0;-1.959685188E0;6.460434150E0;6.463328552E1;1.232037232E1;3.000000000E0
2.257232554E2;5.228659808E1;4.842217946E0;-1.963899551E0;7.367294498E0;6.463328552E1;1.194082070E1;3.000000000E0
2.267232519E2;5.228659885E1;4.842333891E0;-8.488157745E-1;7.764195270E0;6.661680603E1;1.136769239E1;3.000000000E0
2.277232469E2;5.228676656E1;4.842329834E0;-1.626473303E0;8.100139124E0;1.120418167E1;1.074102559E1;3.000000000E0
2.287232432E2;5.228685036E1;4.842378728E0;-7.598112896E-2;8.578588347E0;1.072874641E1;1.009806322E1;3.000000000E0
2.297232389E2;5.228695311E1;4.842405924E0;6.009454234E-1;9.539644399E0;1.132553864E1;1.329905982E1;3.408169916E0
2.307232344E2;5.228705981E1;4.842415411E0;9.846215034E-1;1.037880265E1;1.029708958E1;1.467842416E1;4.336248950E0
2.317232307E2;5.228716415E1;4.842436155E0;7.953756396E-1;1.085880711E1;9.696241379E0;1.369045182E1;4.547215958E0
2.327232254E2;5.228727511E1;4.842458964E0;2.832348324E0;1.140371453E1;9.696241379E0;1.101356130E1;3.206356344E0
2.337232219E2;5.228738267E1;4.842490347E0;2.610617762E0;1.170440023E1;9.696241379E0;1.059612029E1;3.328222451E0
2.347232182E2;5.228748880E1;4.842522696E0;1.259100206E0;1.184409744E1;9.836009026E0;1.155141273E1;3.314943392E0
2.357232128E2;5.228760608E1;4.842557524E0;1.601128538E0;1.224061806E1;9.756167412E0;1.075416318E1;3.000000000E0
2.367232091E2;5.228770881E1;4.842579937E0;3.174141991E0;1.200414681E1;9.756167412E0;9.519546235E0;3.000000000E0
2.377232043E2;5.228780104E1;4.842627940E0;1.984668551E0;1.147130971E1;9.756167412E0;8.079448108E0;3.000000000E0
2.387232002E2;5.228789840E1;4.842630050E0;4.296752634E-1;1.115448662E1;1.027802277E1;8.453494220E0;3.000000000E0
2.397231958E2;5.228798446E1;4.842681190E0;1.108106763E0;1.037495650E1;9.802501678E0;6.285905479E0;3.000000000E0
2.407231913E2;5.228806796E1;4.842686252E0;7.307800753E-1;9.471684826E0;7.385656357E0;6.590435390E0;3.000000000E0
2.417231877E2;5.228813843E1;4.842731902E0;-1.582949731E0;8.420103809E0;6.848567963E0;6.844101127E0;3.000000000E0
2.427231830E2;5.228820582E1;4.842738887E0;-3.151326820E0;7.163270752E0;6.848567963E0;7.078759568E0;3.000000000E0
2.437231784E2;5.228826321E1;4.842763620E0;-2.298515761E0;6.470685331E0;5.699987411E0;7.437090983E0;3.000000000E0
2.447231742E2;5.228830399E1;4.842782512E0;-2.334198618E0;5.156115448E0;5.699987411E0;7.672793251E0;3.000000000E0
2.457231702E2;5.228832548E1;4.842768265E0;-1.470834057E0;3.401213344E0;5.997809887E0;7.608790410E0;3.000000000E0
2.467231662E2;5.228834553E1;4.842756022E0;-1.153964473E0;2.323719582E0;5.997809887E0;7.025295366E0;3.000000000E0
2.477231619E2;5.228836699E1;4.842731075E0;-1.394054490E0;1.778472039E0;5.997809887E0;6.701530934E0;3.000000000E0
2.487231572E2;5.228836176E1;4.842754679E0;-2.172812212E0;8.146181771E-1;5.997809887E0;6.281605268E0;3.000000000E0
2.497231534E2;5.228836079E1;4.842754513E0;-1.920924697E0;4.159158232E-1;5.997809887E0;6.000966860E0;3.000000000E0
2.507231488E2;5.228836001E1;4.842754378E0;-1.870582490E0;0.000000000E0;5.997809887E0;7.339667387E0;3.000000000E0
2.517231450E2;5.228836001E1;4.842754378E0;-1.870582490E0;0.000000000E0;5.997809887E0;8.175962412E0;3.000000000E0
2.527231407E2;5.228836001E1;4.842754378E0;-1.870582490E0;0.000000000E0;5.997809887E0;8.481129976E0;3.000000000E0
2.537231357E2;5.228836001E1;4.842754378E0;-1.870582490E0;0.000000000E0;5.997809887E0;8.733258000E0;3.000000000E0
2.547231321E2;5.228836001E1;4.842754378E0;-1.870582490E0;0.000000000E0;5.997809887E0;9.175099341E0;3.000000000E0
2.557231270E2;5.228836001E1;4.842754378E0;-1.870582490E0;0.000000000E0;5.997809887E0;9.683329359E0;3.000000000E0
2.567231236E2;5.228836001E1;4.842754378E0;-1.870582490E0;0.000000000E0;5.997809887E0;1.016261452E1;3.000000000E0
2.577231191E2;5.228836001E1;4.842754378E0;-1.870582490E0;0.000000000E0;5.997809887E0;1.035573192E1;3.000000000E0
2.587231146E2;5.228836001E1;4.842754378E0;-1.870582490E0;0.000000000E0;5.997809887E0;1.071930910E1;3.000000000E0
2.597231097E2;5.228836001E1;4.842754378E0;-1.870582490E0;0.000000000E0;5.997809887E0;1.107013875E1;3.000000000E0
2.607231066E2;5.228836001E1;4.842754378E0;-1.870582490E0;0.000000000E0;5.997809887E0;1.135177602E1;3.000000000E0
2.617231017E2;5.228836001E1;4.842754378E0;-1.870582490E0;0.000000000E0;5.997809887E0;1.155295848E1;3.000000000E0
2.627230972E2;5.228836001E1;4.842754378E0;-1.870582490E0;0.000000000E0;5.997809887E0;1.190624346E1;3.065599753E0
2.637230935E2;5.228836001E1;4.842754378E0;-1.870582490E0;0.000000000E0;5.997809887E0;1.194725778E1;3.102990217E0
2.647230892E2;5.228836001E1;4.842754378E0;-1.870582490E0;0.000000000E0;5.997809887E0;1.191243817E1;3.044343577E0
2.657230842E2;5.228836001E1;4.842754378E0;-1.870582490E0;0.000000000E0;5.997809887E0;1.188527995E1;3.076252767E0
2.667230806E2;5.228836001E1;4.842754378E0;-1.870582490E0;0.000000000E0;5.997809887E0;1.180453564E1;3.190839933E0
2.677230760E2;5.228839017E1;4.842759546E0;-2.070758899E0;1.186910325E0;5.997809887E0;1.180671117E1;3.320080940E0
2.687230716E2;5.228842198E1;4.842764994E0;-1.633656926E0;2.377239035E0;5.997809887E0;1.206755712E1;3.544798357E0
2.697230678E2;5.228847392E1;4.842750495E0;-8.150419975E-1;3.704009901E0;6.716851711E0;1.218573772E1;3.549545764E0
2.707230626E2;5.228853066E1;4.842785305E0;1.220094366E-1;4.643439675E0;6.716851711E0;1.204901134E1;3.434798038E0
2.717230591E2;5.228859099E1;4.842796925E0;-5.287005473E-2;5.565989960E0;6.792499065E0;1.201743697E1;4.473494841E0
2.727230542E2;5.228865852E1;4.842810673E0;-1.271338128E0;6.405664631E0;7.407896996E0;1.182538273E1;4.255407770E0
2.737230505E2;5.228873538E1;4.842799680E0;-1.217326344E0;7.119197760E0;7.407896996E0;1.227417100E1;4.236237814E0
2.747230464E2;5.228880448E1;4.842825239E0;3.334493190E-2;7.429780811E0;7.738018513E0;1.196825869E1;3.690217391E0
2.757230414E2;5.228887983E1;4.842845113E0;-1.321231050E0;7.919082786E0;7.685372353E0;1.250304557E1;3.442116475E0
2.767230372E2;5.228895936E1;4.842860127E0;-1.380377959E0;8.311827617E0;5.802409172E0;1.121838906E1;3.000000000E0
2.777230334E2;5.228903679E1;4.842884360E0;-1.210662189E0;8.590443199E0;5.802409172E0;1.328847219E1;3.000000000E0
2.787230291E2;5.228913665E1;4.842908792E0;-1.297694589E0;9.371546888E0;5.802409172E0;1.106759699E1;3.000000000E0
2.797230248E2;5.228924049E1;4.842924082E0;1.028121864E0;9.928020630E0;9.047858238E0;1.025845062E1;3.000000000E0
2.807230210E2;5.228932477E1;4.842970813E0;1.589977827E0;9.712892677E0;9.047858238E0;1.313176932E1;3.012140912E0
2.817230151E2;5.228943113E1;4.842988569E0;-7.494939063E-1;1.028464102E1;8.977078438E0;1.209597866E1;3.000000000E0
2.827230121E2;5.228954471E1;4.843011606E0;-2.204783181E0;1.105662874E1;9.257524490E0;1.296621977E1;3.000000000E0
2.837230078E2;5.228965798E1;4.843016031E0;-4.095277292E0;1.143166954E1;9.257524490E0;1.491020737E1;3.000000000E0
2.847230039E2;5.228977642E1;4.843030345E0;-3.276324313E0;1.172622708E1;9.572725296E0;1.523703681E1;3.000000000E0
2.857229992E2;5.228990157E1;4.843034762E0;-4.119849526E0;1.202177611E1;8.736934745E0;1.538068227E1;3.000000000E0
2.867229950E2;5.229002750E1;4.843041146E0;-2.507021415E0;1.225383997E1;8.301525922E0;1.563213041E1;3.089980112E0
2.877229902E2;5.229015163E1;4.843042844E0;-1.670485592E0;1.236941495E1;7.686167528E0;1.504128062E1;3.005067852E0
2.887229855E2;5.229026996E1;4.843068818E0;-1.089460146E0;1.246333199E1;8.355783008E0;1.346494668E1;3.000000000E0
2.897229809E2;5.229037002E1;4.843220330E0;6.817226764E-1;1.235968010E1;1.067843628E1;1.290760176E1;3.000000000E0
2.907229767E2;5.229047185E1;4.843253625E0;-4.183972534E-2;1.209750000E1;1.214016438E1;1.231030810E1;3.000000000E0
2.917229724E2;5.229056903E1;4.843290148E0;4.050366953E-2;1.178299971E1;1.360251999E1;7.950808729E0;3.000000000E0
2.927229685E2;5.229059730E1;4.843327374E0;-1.111028308E0;1.036890350E1;1.360251999E1;6.780502420E0;3.000000000E0
2.937229640E2;5.229068609E1;4.843364706E0;2.300563436E-1;9.955098609E0;1.474534893E1;8.649448663E0;3.000000000E0
2.947229599E2;5.229078911E1;4.843405253E0;8.022450171E-1;1.021762669E1;1.474534893E1;9.063212944E0;3.000000000E0
2.957229555E2;5.229088929E1;4.843436932E0;4.782696273E-1;1.019998073E1;1.474534893E1;8.700565177E0;3.000000000E0
2.967229512E2;5.229097611E1;4.843455363E0;-1.905812151E0;9.418311464E0;1.182636070E1;9.050073831E0;3.000000000E0
2.977229474E2;5.229107958E1;4.843492924E0;-2.604454610E0;9.359107008E0;1.037644291E1;7.178976885E0;3.000000000E0
2.987229427E2;5.229115924E1;4.843538922E0;-1.758869559E0;8.816400612E0;1.037644291E1;6.144093726E0;3.000000000E0
2.997229384E2;5.229123210E1;4.843558490E0;-3.256375035E0;7.674038703E0;1.009749126E1;6.060909972E0;3.000000000E0
3.007229341E2;5.229129396E1;4.843569223E0;-4.397247009E0;6.446958686E0;1.009749126E1;6.543781594E0;3.000000000E0
3.017229307E2;5.229135434E1;4.843579638E0;-4.329272639E0;5.678668617E0;7.641374111E0;5.853907254E0;3.000000000E0
3.027229254E2;5.229141472E1;4.843589764E0;-3.767017256E0;5.449133393E0;7.641374111E0;6.188347863E0;3.000000000E0
3.037229207E2;5.229147435E1;4.843606019E0;-4.037574528E0;5.506797035E0;7.646814346E0;6.102156418E0;3.000000000E0
3.047229170E2;5.229154584E1;4.843640762E0;-3.879656760E0;6.267347767E0;7.646814346E0;6.547381622E0;3.000000000E0
3.057229124E2;5.229159960E1;4.843691533E0;-3.925875411E0;6.767636387E0;4.347744892E1;6.240778604E0;3.000000000E0
3.067229089E2;5.229163050E1;4.843710541E0;-3.755349196E0;6.649635199E0;6.425642787E1;6.476795986E0;3.000000000E0
3.077229040E2;5.229154710E1;4.843909793E0;-1.991475595E0;6.479696496E0;1.004401016E2;5.621271455E0;3.000000000E0
3.087228996E2;5.229153229E1;4.844050189E0;-4.041119645E0;7.278917343E0;9.935351562E1;5.646094321E0;3.000000000E0
3.097228956E2;5.229152030E1;4.844168898E0;-3.037993857E0;7.729219779E0;9.935351562E1;5.911224061E0;3.000000000E0
3.107228914E2;5.229149495E1;4.844299137E0;-2.394199814E0;8.252342486E0;9.923367310E1;4.805747440E0;3.000000000E0
3.117228862E2;5.229147410E1;4.844445916E0;-2.307929194E0;8.911452314E0;9.923367310E1;4.275776060E0;3.000000000E0
3.127228825E2;5.229145215E1;4.844613808E0;-2.948756821E0;9.784779362E0;1.005496902E2;4.266911054E0;3.000000000E0
3.137228792E2;5.229142926E1;4.844784465E0;-2.199402411E0;1.053424887E1;1.005496902E2;4.912075233E0;3.000000000E0
3.147228744E2;5.229140789E1;4.844967044E0;-2.350239708E0;1.129289059E1;1.004477081E2;6.030066745E0;3.000000000E0
3.157228694E2;5.229138458E1;4.845157886E0;-3.607988563E0;1.205006354E1;1.004477081E2;6.144005944E0;3.000000000E0
3.167228653E2;5.229136292E1;4.845362701E0;-2.398600913E0;1.262840822E1;9.997023010E1;6.352682469E0;3.000000000E0
3.177228613E2;5.229133839E1;4.845558939E0;-2.524777737E0;1.301968907E1;9.997023010E1;6.906020150E0;3.000000000E0
3.187228571E2;5.229131615E1;4.845773210E0;-2.766048416E0;1.356439887E1;1.003445511E2;7.350446277E0;3.000000000E0
3.197228521E2;5.229129274E1;4.845974610E0;-2.754218687E0;1.376291006E1;1.003445511E2;7.704775508E0;3.000000000E0
3.207228485E2;5.229127858E1;4.846178561E0;-3.091078013E0;1.397661720E1;9.990187836E1;8.266334306E0;3.000000000E0
3.217228441E2;5.229125310E1;4.846391359E0;-2.789979917E0;1.424151500E1;1.002026978E2;9.076353586E0;3.000000000E0
3.227228394E2;5.229123511E1;4.846605567E0;-2.856432574E0;1.449481313E1;1.002026978E2;9.476152824E0;3.000000000E0
3.237228354E2;5.229121871E1;4.846828812E0;-2.198670434E0;1.467919439E1;1.000738220E2;9.542160391E0;3.000000000E0
3.247228311E2;5.229119991E1;4.847050875E0;-2.662968656E0;1.485864815E1;1.000738220E2;9.177842669E0;3.000000000E0
3.257228264E2;5.229118494E1;4.847271740E0;-2.378002996E0;1.491918948E1;1.000738220E2;9.177894651E0;3.000000000E0
3.267228221E2;5.229116685E1;4.847493144E0;-2.787239487E0;1.501476760E1;1.000738220E2;9.242503134E0;3.000000000E0
3.277228180E2;5.229114941E1;4.847715136E0;-2.538756317E0;1.505819800E1;1.000738220E2;9.297563481E0;3.000000000E0
3.287228140E2;5.229110541E1;4.847942517E0;-3.214885219E0;1.526662767E1;1.000738220E2;5.895387595E0;3.000000000E0
3.297228099E2;5.229108719E1;4.848162430E0;-3.001206298E0;1.526331336E1;1.000738220E2;5.853922987E0;3.000000000E0
3.307228050E2;5.229106536E1;4.848380604E0;-3.139775179E0;1.521069566E1;1.001101990E2;5.854490248E0;3.000000000E0
3.317228003E2;5.229104562E1;4.848608209E0;-2.764673458E0;1.519187101E1;1.001101990E2;6.053938259E0;3.000000000E0
3.327227967E2;5.229101242E1;4.848821528E0;-3.243418203E0;1.516874529E1;1.000657120E2;6.167229083E0;3.000000000E0
3.337227925E2;5.229098849E1;4.849041414E0;-3.597273357E0;1.513711801E1;1.000657120E2;6.223147507E0;3.000000000E0
3.347227873E2;5.229096345E1;4.849271442E0;-3.449797293E0;1.513622961E1;1.000657120E2;6.032725238E0;3.000000000E0
3.357227833E2;5.229093816E1;4.849503810E0;-3.420954487E0;1.492266615E1;1.000657120E2;5.987229901E0;3.000000000E0
3.367227794E2;5.229091359E1;4.849727581E0;-3.072339032E0;1.459765611E1;1.001867447E2;5.897786643E0;3.000000000E0
3.377227745E2;5.229089633E1;4.849937681E0;-3.666226690E0;1.425819691E1;1.001867447E2;6.924841433E0;3.000000000E0
3.387227702E2;5.229088042E1;4.850142737E0;-3.234821380E0;1.386486612E1;1.001867447E2;6.081542042E0;3.000000000E0
3.397227657E2;5.229084564E1;4.850339102E0;-3.336795594E0;1.345773551E1;9.810488129E1;5.389063010E0;3.000000000E0
3.407227619E2;5.229083233E1;4.850530176E0;-3.702872641E0;1.302356175E1;9.654003143E1;5.145625942E0;3.000000000E0
3.417227582E2;5.229082145E1;4.850713725E0;-4.188884194E0;1.244138840E1;9.562696838E1;5.804224387E0;3.000000000E0
3.427227539E2;5.229081371E1;4.850887886E0;-4.665649128E0;1.156872477E1;9.266453552E1;5.280116535E0;3.000000000E0
3.437227503E2;5.229080808E1;4.851046946E0;-4.939900473E0;1.079312463E1;9.227430725E1;5.663003029E0;3.000000000E0
3.447227453E2;5.229080845E1;4.851212142E0;-5.400113241E0;1.055984738E1;9.179240417E1;5.948379139E0;3.000000000E0
3.457227399E2;5.229080228E1;4.851360739E0;-5.471772330E0;1.017289310E1;9.200717926E1;6.459150047E0;3.000000000E0
3.467227365E2;5.229079977E1;4.851503469E0;-5.516291370E0;1.003086192E1;9.133913422E1;6.801828607E0;3.000000000E0
3.477227325E2;5.229079640E1;4.851657942E0;-5.414077768E0;1.044967175E1;9.133913422E1;6.921480821E0;3.000000000E0
3.487227278E2;5.229080825E1;4.851792932E0;-5.397780754E0;1.058218761E1;9.095871735E1;6.869834957E0;3.000000000E0
3.497227237E2;5.229079440E1;4.851964458E0;-5.171425750E0;1.115363837E1;9.095871735E1;6.824188501E0;3.000000000E0
3.507227187E2;5.229079217E1;4.852131240E0;-4.726164753E0;1.135309313E1;9.160078430E1;6.755194825E0;3.000000000E0
3.517227147E2;5.229078493E1;4.852322249E0;-4.703175946E0;1.165549320E1;9.152666473E1;5.304236150E0;3.000000000E0
3.527227108E2;5.229078635E1;4.852520765E0;-4.499402210E0;1.202427649E1;9.177710724E1;6.371812404E0;3.000000000E0
3.537227067E2;5.229078603E1;4.852722071E0;-4.744491664E0;1.228702773E1;9.153707886E1;6.214652887E0;3.000000000E0
3.547227018E2;5.229078430E1;4.852912734E0;-4.474602467E0;1.229949919E1;9.153707886E1;5.234570798E0;3.000000000E0
3.557226973E2;5.229078622E1;4.853094519E0;-3.972983218E0;1.197423778E1;9.147160339E1;5.295180434E0;3.000000000E0
3.567226933E2;5.229076849E1;4.853270030E0;-3.521453657E0;1.161070776E1;9.147160339E1;4.803807060E0;3.000000000E0
3.577226890E2;5.229076560E1;4.853424891E0;-3.479572479E0;1.084101880E1;9.147160339E1;4.834294324E0;3.000000000E0
3.587226849E2;5.229076301E1;4.853569492E0;-3.410152130E0;9.814736047E0;9.145540619E1;4.981199031E0;3.000000000E0
3.597226804E2;5.229076178E1;4.853702082E0;-2.785208880E0;8.785554752E0;9.145540619E1;5.234783294E0;3.000000000E0
3.607226760E2;5.229076118E1;4.853811179E0;-2.390817562E0;7.591842867E0;9.145540619E1;5.541643803E0;3.000000000E0
3.617226723E2;5.229076202E1;4.853897037E0;-2.765013885E0;6.374469075E0;9.145540619E1;5.724037466E0;3.000000000E0
3.627226671E2;5.229076132E1;4.853980156E0;-2.436061249E0;5.368256337E0;9.127022552E1;5.879432659E0;3.000000000E0
3.637226624E2;5.229076082E1;4.854049209E0;-2.488543180E0;4.474928971E0;9.127022552E1;5.833645636E0;3.000000000E0
3.647226585E2;5.229076124E1;4.854111336E0;-2.242810892E0;3.621427335E0;9.127022552E1;5.935773370E0;3.000000000E0
3.657226546E2;5.229076145E1;4.854160396E0;-2.810630168E0;3.567404516E0;9.142256927E1;5.946280410E0;3.000000000E0
3.667226505E2;5.229076332E1;4.854220157E0;-3.094349425E0;4.190713782E0;9.167173767E1;5.866393886E0;3.000000000E0
3.677226456E2;5.229076518E1;4.854288506E0;-3.044780512E0;4.711174964E0;9.167173767E1;5.849504885E0;3.000000000E0
3.687226415E2;5.229074640E1;4.854357124E0;-2.664201811E0;4.937480205E0;1.083081315E2;6.051894184E0;3.000000000E0
3.697226375E2;5.229073216E1;4.854422971E0;-2.787207562E0;4.621097866E0;1.106231339E2;6.225288702E0;3.000000000E0
3.707226540E2;5.229071820E1;4.854484082E0;-2.800493490E0;4.235245380E0;1.057448710E2;6.285354976E0;3.000000000E0
3.717226288E2;5.229071057E1;4.854545896E0;-2.965881178E0;4.050543021E0;8.680853348E1;6.278596234E0;3.000000000E0
3.727226245E2;5.229072476E1;4.854601819E0;-3.533862684E0;3.946158329E0;6.518983677E1;6.347736141E0;3.000000000E0
3.737226200E2;5.229075317E1;4.854646951E0;-3.362413209E0;3.948074169E0;4.378503152E1;6.181874370E0;3.000000000E0
3.747226155E2;5.229078235E1;4.854676743E0;-3.504230642E0;3.809684698E0;2.530419586E1;5.973914628E0;3.000000000E0
3.757226117E2;5.229081747E1;4.854677188E0;-3.854647428E0;4.062449604E0;6.911557559E0;5.909210214E0;3.000000000E0
3.767226079E2;5.229085522E1;4.854732542E0;-4.288489762E0;4.984088012E0;5.498394489E0;5.934384163E0;3.000000000E0
3.777226028E2;5.229090263E1;4.854618151E0;-3.663918026E0;5.900855756E0;3.412906011E2;5.914213752E0;3.000000000E0
3.787225983E2;5.229095770E1;4.854587795E0;-3.056939387E0;6.623469287E0;3.419902698E2;5.975500654E0;3.000000000E0
3.797225939E2;5.229102730E1;4.854583277E0;-2.789749067E0;7.179184069E0;3.574446558E2;6.121390297E0;3.000000000E0
3.807225897E2;5.229109167E1;4.854595065E0;-2.172746305E0;7.050521663E0;5.872518906E0;6.322922497E0;3.000000000E0
3.817225857E2;5.229117346E1;4.854594754E0;-2.437973258E0;6.980985382E0;8.255631924E-1;6.125819984E0;3.000000000E0
3.827225813E2;5.229123382E1;4.854601780E0;-2.401290366E0;6.274150316E0;8.255631924E-1;5.969638341E0;3.000000000E0
3.837225773E2;5.229128436E1;4.854596964E0;-2.352388684E0;5.340532565E0;1.401993275E0;5.883765857E0;3.000000000E0
3.847225733E2;5.229132739E1;4.854572269E0;-2.192516417E0;4.371983162E0;1.401993275E0;5.998981210E0;3.000000000E0
3.857225686E2;5.229136472E1;4.854602018E0;-2.684242949E0;3.448129159E0;1.401993275E0;4.853593838E0;3.000000000E0
3.867225641E2;5.229139174E1;4.854601523E0;-2.705767673E0;2.346697584E0;1.401993275E0;5.043442962E0;3.000000000E0
3.877225596E2;5.229140628E1;4.854598791E0;-3.092291373E0;1.206229478E0;8.967928886E-1;4.915584363E0;3.000000000E0
3.887225554E2;5.229141035E1;4.854597432E0;-3.392885712E0;3.433834475E-1;8.967928886E-1;4.998339927E0;3.000000000E0
3.897225510E2;5.229141442E1;4.854599921E0;-3.342137299E0;7.114191149E-2;8.967928886E-1;5.111213201E0;3.000000000E0
3.907225472E2;5.229141704E1;4.854592486E0;-3.892730389E0;6.187059490E-2;8.967928886E-1;5.137352075E0;3.000000000E0
3.917225424E2;5.229142519E1;4.854586731E0;-3.517900365E0;7.846439057E-2;8.967928886E-1;5.283114839E0;3.000000000E0
3.927225379E2;5.229142980E1;4.854587555E0;-3.454681497E0;1.147927213E-1;8.967928886E-1;5.340933425E0;3.000000000E0
3.937225341E2;5.229143442E1;4.854583889E0;-3.438710480E0;1.774553896E-1;8.967928886E-1;5.303345125E0;3.000000000E0
3.947225299E2;5.229143858E1;4.854585917E0;-3.440561014E0;1.760167839E-1;8.967928886E-1;5.311139373E0;3.000000000E0
3.957225251E2;5.229143817E1;4.854585511E0;-3.439858107E0;0.000000000E0;8.967928886E-1;5.428399138E0;3.000000000E0
3.967225209E2;5.229143817E1;4.854585511E0;-3.439858107E0;0.000000000E0;8.967928886E-1;5.578804304E0;3.000000000E0
3.977225174E2;5.229143817E1;4.854585511E0;-3.439858107E0;0.000000000E0;8.967928886E-1;5.746178252E0;3.000000000E0
3.987225126E2;5.229143817E1;4.854585511E0;-3.439858107E0;0.000000000E0;8.967928886E-1;5.761783214E0;3.000000000E0
3.997225084E2;5.229143817E1;4.854585511E0;-3.439858107E0;0.000000000E0;8.967928886E-1;5.839115670E0;3.000000000E0
4.007225045E2;5.229143817E1;4.854585511E0;-3.439858107E0;0.000000000E0;8.967928886E-1;5.807912756E0;3.000000000E0
4.017224995E2;5.229143817E1;4.854585511E0;-3.439858107E0;0.000000000E0;8.967928886E-1;5.847086083E0;3.000000000E0
4.027224951E2;5.229143817E1;4.854585511E0;-3.439858107E0;0.000000000E0;8.967928886E-1;5.960050586E0;3.000000000E0
4.037224913E2;5.229143817E1;4.854585511E0;-3.439858107E0;0.000000000E0;8.967928886E-1;5.986066957E0;3.000000000E0
4.047224864E2;5.229143817E1;4.854585511E0;-3.439858107E0;0.000000000E0;8.967928886E-1;6.082871564E0;3.000000000E0
4.057224827E2;5.229146127E1;4.854593293E0;-3.438299124E0;7.582520325E-3;8.967928886E-1;6.050447416E0;3.000000000E0
4.067224783E2;5.229146349E1;4.854593349E0;-3.416132550E0;0.000000000E0;8.967928886E-1;5.997060700E0;3.000000000E0
4.077224743E2;5.229146349E1;4.854593349E0;-3.416132550E0;0.000000000E0;8.967928886E-1;7.420721558E0;3.000000000E0
4.087224697E2;5.229146349E1;4.854593349E0;-3.416132550E0;0.000000000E0;8.967928886E-1;7.420721558E0;3.000000000E0
4.097224656E2;5.229146349E1;4.854593349E0;-3.416132550E0;0.000000000E0;8.967928886E-1;8.837268506E0;3.000000000E0
4.107224616E2;5.229146349E1;4.854593349E0;-3.416132550E0;0.000000000E0;8.967928886E-1;1.020647541E1;3.000000000E0
4.117224562E2;5.229146349E1;4.854593349E0;-3.416132550E0;0.000000000E0;8.967928886E-1;1.058724345E1;3.000000000E0
4.127224525E2;5.229146349E1;4.854593349E0;-3.416132550E0;0.000000000E0;8.967928886E-1;1.096813112E1;3.000000000E0
4.137224482E2;5.229146349E1;4.854593349E0;-3.416132550E0;0.000000000E0;8.967928886E-1;1.174653276E1;3.044644151E0
4.147224442E2;5.229146349E1;4.854593349E0;-3.416132550E0;0.000000000E0;8.967928886E-1;1.292777626E1;3.245647365E0
4.157224395E2;5.229146349E1;4.854593349E0;-3.416132550E0;0.000000000E0;8.967928886E-1;1.398348702E1;3.445798050E0
4.167224360E2;5.229146349E1;4.854593349E0;-3.416132550E0;0.000000000E0;8.967928886E-1;1.500104028E1;3.630187278E0
4.177224303E2;5.229146349E1;4.854593349E0;-3.416132550E0;0.000000000E0;8.967928886E-1;1.545495010E1;3.632039105E0
4.187224264E2;5.229146349E1;4.854593349E0;-3.416132550E0;0.000000000E0;8.967928886E-1;1.555036868E1;3.579443847E0
4.197224225E2;5.229146349E1;4.854593349E0;-3.416132550E0;0.000000000E0;8.967928886E-1;1.592972623E1;3.565365854E0
4.207224181E2;5.229146349E1;4.854593349E0;-3.416132550E0;0.000000000E0;8.967928886E-1;1.642228973E1;3.600012853E0
4.217224137E2;5.229146349E1;4.854593349E0;-3.416132550E0;0.000000000E0;8.967928886E-1;1.693570896E1;3.669558259E0
4.227224091E2;5.229146349E1;4.854593349E0;-3.416132550E0;0.000000000E0;8.967928886E-1;1.719929355E1;3.799763999E0
4.237224053E2;5.229151709E1;4.854594718E0;-3.391995973E0;3.017174341E-1;8.967928886E-1;1.721026373E1;3.717699650E0
4.247224005E2;5.229151589E1;4.854594687E0;-3.298195991E0;0.000000000E0;8.967928886E-1;1.804558942E1;5.093063773E0
4.257223964E2;5.229157730E1;4.854596358E0;-4.992599781E0;2.219146213E0;1.165170431E0;1.822023811E1;4.971488171E0
4.267223920E2;5.229163390E1;4.854598236E0;-5.563059834E0;3.910426491E0;1.165170431E0;1.780533867E1;4.551027252E0
4.277223877E2;5.229170397E1;4.854566862E0;-5.327189129E0;5.407912424E0;2.604803072E0;1.768641588E1;4.758007213E0
4.287223833E2;5.229177478E1;4.854565868E0;-5.261721985E0;6.503839939E0;8.128334799E-1;1.748793707E1;4.480438423E0
4.297223796E2;5.229186269E1;4.854566293E0;-3.218485485E0;7.649126092E0;3.596282301E2;1.625678804E1;4.014099115E0
4.307223753E2;5.229194379E1;4.854570778E0;-3.188707846E0;8.289166411E0;3.594715447E2;1.379208881E1;3.462536744E0
4.317223707E2;5.229203545E1;4.854610382E0;-1.375250475E0;8.956720100E0;9.326980710E-1;1.344668661E1;3.575982573E0
4.327223663E2;5.229212669E1;4.854572122E0;-1.936597485E0;9.391848709E0;2.119115188E-1;1.235740562E1;3.447266807E0
4.337223618E2;5.229222232E1;4.854551437E0;-6.446983237E-1;9.677907233E0;3.585682225E2;1.216547029E1;3.565960972E0
4.347223576E2;5.229230775E1;4.854555633E0;2.264629528E-1;9.410174160E0;6.891146370E-1;1.191569283E1;3.966551986E0
4.357223532E2;5.229238312E1;4.854565886E0;-1.066925377E-2;8.825778252E0;2.840722360E0;1.153437449E1;4.000507897E0
4.367223488E2;5.229245480E1;4.854629577E0;-1.356314770E0;8.265789287E0;1.358922362E0;1.256893495E1;4.582540410E0
4.377223444E2;5.229251795E1;4.854564214E0;-1.876188509E0;7.451394241E0;2.062531422E0;1.223410984E1;4.644930064E0
4.387223409E2;5.229257090E1;4.854564006E0;-1.913569801E0;6.619446335E0;1.044103791E0;1.171435259E1;4.464803042E0
4.397223357E2;5.229261377E1;4.854559571E0;-2.868273620E0;5.849946009E0;3.591435233E2;1.210579935E1;4.552355727E0
4.407223321E2;5.229265339E1;4.854557794E0;-4.092900346E0;5.379486132E0;3.578967879E2;1.231133350E1;4.592667475E0
4.417223272E2;5.229270844E1;4.854644246E0;-3.590205885E0;5.696881734E0;2.477957249E0;1.286783278E1;4.829283750E0
4.427223235E2;5.229278085E1;4.854649356E0;-2.895435312E0;6.403123085E0;2.477957249E0;1.370931784E1;5.332100570E0
4.437223191E2;5.229284280E1;4.854652567E0;-2.965905578E0;6.546975822E0;1.959231377E0;1.348821138E1;5.458871464E0
4.447223151E2;5.229290526E1;4.854649059E0;-1.279864720E0;6.704857136E0;7.297113419E0;1.319047061E1;5.449392193E0
4.457223102E2;5.229297260E1;4.854663087E0;-1.745981778E0;6.857216422E0;6.776628017E0;1.278756312E1;5.385715596E0
4.467223059E2;5.229303804E1;4.854675296E0;-1.512531600E0;6.916684428E0;6.146923542E0;1.333881281E1;5.801227051E0
4.477223016E2;5.229309171E1;4.854684722E0;-2.326506258E0;6.600972296E0;6.146923542E0;1.427808609E1;4.756885040E0
4.487222977E2;5.229314332E1;4.854693786E0;-3.339543689E0;6.170247835E0;6.146923542E0;1.422238737E1;4.042447459E0
4.497222930E2;5.229317237E1;4.854820930E0;-3.705849037E0;6.042219137E0;1.920594406E1;1.387612649E1;3.633310946E0
4.507222888E2;5.229325074E1;4.854729571E0;-4.431607095E0;5.925381228E0;1.471513944E1;1.388593096E1;3.290215721E0
4.517222843E2;5.229330578E1;4.854737118E0;-4.512454780E0;5.909412356E0;7.535129084E0;1.408159840E1;3.000000000E0
4.527222800E2;5.229336559E1;4.854711095E0;-3.217141309E0;6.053293388E0;3.577214235E2;1.308067587E1;3.000000000E0
4.537222763E2;5.229343295E1;4.854670952E0;-2.187932168E0;6.635059159E0;3.501801493E2;1.301612766E1;3.000000000E0
4.547222716E2;5.229350979E1;4.854633173E0;-1.551094770E0;7.794332000E0;3.491431282E2;1.165235496E1;3.000000000E0
4.557222670E2;5.229358339E1;4.854673402E0;-1.333992562E0;8.147742305E0;3.593238831E2;1.092580244E1;3.000000000E0
4.567222635E2;5.229366024E1;4.854673492E0;-2.376629250E0;8.599890430E0;1.463628650E0;1.114856889E1;3.000000000E0
4.577222587E2;5.229374617E1;4.854678189E0;-2.589969482E0;9.082370431E0;2.292053461E0;1.241072276E1;3.000000000E0
4.587222544E2;5.229383598E1;4.854684051E0;-1.284096275E0;9.420033065E0;2.292053461E0;1.088691132E1;3.000000000E0
4.597222501E2;5.229392510E1;4.854684439E0;-6.582489992E-1;9.636362686E0;3.526270390E0;1.067265376E1;3.000000000E0
4.607222461E2;5.229401098E1;4.854692445E0;-1.428356891E0;9.570569447E0;1.360620022E0;1.233458358E1;3.000000000E0
4.617222422E2;5.229410290E1;4.854692620E0;-2.533097542E0;9.685520607E0;3.577319641E2;1.508795296E1;3.000000000E0
4.627222370E2;5.229419826E1;4.854671419E0;-1.881480145E0;9.937625773E0;3.513560791E2;1.554140183E1;3.000000000E0
4.637222326E2;5.229429563E1;4.854704621E0;-4.561464526E-1;1.017213763E1;1.124980092E0;1.608193415E1;3.000000000E0
4.647222284E2;5.229439760E1;4.854707886E0;-1.081408669E0;1.041384271E1;1.124980092E0;1.666123484E1;3.000000000E0
4.657222250E2;5.229451088E1;4.854711512E0;-2.832136032E0;1.096529115E1;1.016072392E0;1.666123482E1;3.000000000E0
4.667222205E2;5.229462103E1;4.854715212E0;-3.508171521E0;1.114839484E1;1.031628847E0;1.612895971E1;3.000000000E0
4.677222154E2;5.229471802E1;4.854718086E0;-7.537676790E0;1.077188160E1;1.519724369E0;1.714730811E1;3.338585942E0
4.687222115E2;5.229482702E1;4.854722819E0;-8.164894977E0;1.082525343E1;1.532073975E0;1.739133143E1;3.808981296E0
4.697222071E2;5.229492122E1;4.854726928E0;-6.604133367E0;1.054085089E1;1.532073975E0;1.313124665E1;3.000000000E0
4.707222028E2;5.229502214E1;4.854730855E0;-5.666454008E0;1.043420779E1;9.816017747E-1;1.488112151E1;3.000000000E0
4.717221986E2;5.229513264E1;4.854736032E0;-2.123040793E0;1.074704072E1;1.381968021E0;1.662415905E1;3.000000000E0
4.727221942E2;5.229523482E1;4.854740053E0;-3.779981591E0;1.073606810E1;1.381968021E0;1.929515048E1;3.270555250E0
4.737221897E2;5.229533139E1;4.854743852E0;-5.216783364E0;1.066435250E1;1.381968021E0;1.876809007E1;3.186804409E0
4.747221855E2;5.229542914E1;4.854747698E0;-5.636990441E0;1.066667122E1;1.381968021E0;1.430557246E1;3.000000000E0
4.757221816E2;5.229554847E1;4.854752393E0;-5.603635398E0;1.122759835E1;1.381968021E0;1.378567188E1;3.000000000E0
4.767221768E2;5.229565963E1;4.854756767E0;-6.586454077E0;1.145861392E1;1.381968021E0;8.845442551E0;3.000000000E0
4.777221724E2;5.229577992E1;4.854761584E0;-4.294997681E0;1.185986805E1;1.197805285E0;6.347417457E0;3.000000000E0
4.787221687E2;5.229589133E1;4.854766638E0;-4.687394432E0;1.185449334E1;1.671103477E0;6.385980566E0;3.000000000E0
4.797221639E2;5.229600274E1;4.854771940E0;-4.904886154E0;1.171349515E1;1.671103477E0;6.332904319E0;3.000000000E0
4.807221602E2;5.229611519E1;4.854777290E0;-4.377417442E0;1.168458196E1;1.671103477E0;6.405124473E0;3.000000000E0
4.817221552E2;5.229622446E1;4.854781382E0;-3.119883361E0;1.170799072E1;1.445213795E0;6.597089130E0;3.000000000E0
4.827221509E2;5.229632550E1;4.854785540E0;-3.184933590E0;1.143457611E1;1.445213795E0;6.934445887E0;3.000000000E0
4.837221467E2;5.229643212E1;4.854789927E0;-4.196717521E0;1.120839984E1;1.445213795E0;7.041392122E0;3.000000000E0
4.847221434E2;5.229652853E1;4.854805625E0;-4.166175745E0;1.090384909E1;1.562265873E0;5.727969383E0;3.000000000E0
4.857221379E2;5.229663229E1;4.854805605E0;-3.895564256E0;1.097940255E1;1.593198419E0;5.909992323E0;3.000000000E0
4.867221342E2;5.229673818E1;4.854811049E0;-3.797843925E0;1.104436457E1;1.593198419E0;6.513815075E0;3.000000000E0
4.877221302E2;5.229683211E1;4.854812703E0;-3.266076272E0;1.097569467E1;1.091732860E0;6.098868047E0;3.000000000E0
4.887221253E2;5.229693063E1;4.854815475E0;-3.396554669E0;1.130058792E1;1.091732860E0;6.214116405E0;3.000000000E0
4.897221217E2;5.229703916E1;4.854801184E0;-2.659606433E0;1.156737570E1;1.260412812E0;6.493948996E0;3.000000000E0
4.907221168E2;5.229714364E1;4.854804476E0;-3.527901732E0;1.157738459E1;3.301325798E0;6.509161044E0;3.000000000E0
4.917221123E2;5.229724926E1;4.854810449E0;-3.692343623E0;1.164488710E1;3.195874214E0;6.454013643E0;3.000000000E0
4.927221087E2;5.229735419E1;4.854818668E0;-3.573772494E0;1.162010247E1;5.221500874E0;6.270460998E0;3.000000000E0
4.937221040E2;5.229745643E1;4.854831217E0;-3.323477164E0;1.148486574E1;6.914463997E0;6.078329242E0;3.000000000E0
4.947220994E2;5.229755646E1;4.854886635E0;-4.382718471E0;1.149800852E1;1.109710503E1;6.047533577E0;3.000000000E0
4.957220951E2;5.229766154E1;4.854921842E0;-3.971627425E0;1.134417077E1;1.235172844E1;6.230742111E0;3.000000000E0
4.967220907E2;5.229774960E1;4.854953292E0;-2.521466110E0;1.047555262E1;1.235172844E1;6.198616590E0;3.000000000E0
4.977220863E2;5.229783953E1;4.854986491E0;-3.094891954E0;9.713294073E0;1.315779018E1;5.917774199E0;3.000000000E0
4.987220823E2;5.229791446E1;4.855014459E0;-2.983595129E0;8.743819755E0;1.282181549E1;5.620520643E0;3.000000000E0
4.997220787E2;5.229797961E1;4.855037631E0;-1.814608901E0;7.831874823E0;1.193302631E1;5.380066944E0;3.000000000E0
5.007220737E2;5.229803512E1;4.855056766E0;-1.754068406E0;6.556751758E0;1.193302631E1;5.218311663E0;3.000000000E0
5.017220699E2;5.229808160E1;4.855052485E0;-2.155400512E0;5.140359961E0;1.193302631E1;5.226255767E0;3.000000000E0
5.027220646E2;5.229811912E1;4.855071731E0;-1.716849120E0;4.018216226E0;1.150833797E1;5.225958800E0;3.000000000E0
5.037220610E2;5.229814827E1;4.855077296E0;-1.937076462E0;2.944789196E0;1.150833797E1;5.153234732E0;3.000000000E0
5.047220563E2;5.229816192E1;4.855078419E0;-2.145725199E0;1.795399096E0;1.150833797E1;5.059645959E0;3.000000000E0
5.057220525E2;5.229816585E1;4.855080772E0;-2.623908079E0;6.725504277E-1;1.150833797E1;5.060051390E0;3.000000000E0
5.067220477E2;5.229816864E1;4.855088283E0;-2.915952665E0;1.936575062E-1;1.150833797E1;5.012717908E0;3.000000000E0
5.077220440E2;5.229817069E1;4.855089889E0;-3.353242307E0;1.499074021E-1;1.150833797E1;5.019225727E0;3.000000000E0
5.087220391E2;5.229817253E1;4.855089077E0;-3.378588178E0;1.183082980E-1;1.150833797E1;5.112141237E0;3.000000000E0
5.097220356E2;5.229817360E1;4.855086542E0;-3.319595498E0;7.535351328E-2;1.150833797E1;5.205674968E0;3.000000000E0
5.107220312E2;5.229817717E1;4.855086767E0;-3.362088325E0;7.027451976E-2;1.150833797E1;5.296478802E0;3.000000000E0
5.117220260E2;5.229817672E1;4.855086654E0;-3.405711743E0;0.000000000E0;1.150833797E1;5.374397597E0;3.000000000E0
5.127220218E2;5.229817672E1;4.855086654E0;-3.405711743E0;0.000000000E0;1.150833797E1;5.438649384E0;3.000000000E0
5.137220176E2;5.229817672E1;4.855086654E0;-3.405711743E0;0.000000000E0;1.150833797E1;5.488816770E0;3.000000000E0
5.147220132E2;5.229817672E1;4.855086654E0;-3.405711743E0;0.000000000E0;1.150833797E1;4.546772482E0;3.000000000E0
5.157220098E2;5.229817672E1;4.855086654E0;-3.405711743E0;0.000000000E0;1.150833797E1;4.336598704E0;3.000000000E0
5.167220048E2;5.229817672E1;4.855086654E0;-3.405711743E0;0.000000000E0;1.150833797E1;4.128256397E0;3.000000000E0
5.177220002E2;5.229817672E1;4.855086654E0;-3.405711743E0;0.000000000E0;1.150833797E1;3.996751201E0;3.000000000E0
5.187219962E2;5.229817672E1;4.855086654E0;-3.405711743E0;0.000000000E0;1.150833797E1;3.913071572E0;3.000000000E0
5.197219919E2;5.229817672E1;4.855086654E0;-3.405711743E0;0.000000000E0;1.150833797E1;3.852978716E0;3.000000000E0
5.207219876E2;5.229817672E1;4.855086654E0;-3.405711743E0;0.000000000E0;1.150833797E1;3.795203250E0;3.000000000E0
5.217219837E2;5.229817672E1;4.855086654E0;-3.405711743E0;0.000000000E0;1.150833797E1;3.762597448E0;3.000000000E0
5.227219795E2;5.229817672E1;4.855086654E0;-3.405711743E0;0.000000000E0;1.150833797E1;3.828142784E0;3.000000000E0
5.237219751E2;5.229817672E1;4.855086654E0;-3.405711743E0;0.000000000E0;1.150833797E1;3.751790363E0;3.000000000E0
5.247219701E2;5.229818242E1;4.855106220E0;-2.574137658E0;8.806944564E-3;1.150833797E1;3.664200845E0;3.000000000E0
5.257219669E2;5.229818193E1;4.855106055E0;-2.554924374E0;1.496737787E-2;1.150833797E1;3.642546575E0;3.000000000E0
5.267219619E2;5.229818117E1;4.855105805E0;-2.538040603E0;2.375658138E-2;1.150833797E1;3.609763238E0;3.000000000E0
5.277219578E2;5.229818049E1;4.855105578E0;-2.534436379E0;5.842851652E-2;1.150833797E1;3.625491696E0;3.000000000E0
5.287219530E2;5.229819127E1;4.855109156E0;-2.507903808E0;1.083317542E0;1.150833797E1;3.586661408E0;3.000000000E0
5.297219492E2;5.229821732E1;4.855117808E0;-2.426689493E0;2.392015168E0;1.150833797E1;3.717599782E0;3.000000000E0
5.307219449E2;5.229825542E1;4.855129120E0;-2.275060236E0;3.681284030E0;9.170982361E0;3.715923228E0;3.000000000E0
5.317219408E2;5.229830315E1;4.855141685E0;-2.043340169E0;4.846746821E0;9.170982361E0;3.678084658E0;3.000000000E0
5.327219365E2;5.229836545E1;4.855147218E0;-1.994088900E0;5.824036397E0;0.000000000E0;3.706825475E0;3.000000000E0
5.337219316E2;5.229842987E1;4.855142192E0;-1.856659126E0;6.654616660E0;3.551156006E2;3.751618292E0;3.000000000E0
5.347219273E2;5.229849046E1;4.855128878E0;-1.352088383E0;7.157350091E0;3.525875549E2;3.802263444E0;3.000000000E0
5.357219236E2;5.229855954E1;4.855109140E0;-1.141224013E0;7.672415792E0;3.505193481E2;3.874342440E0;3.000000000E0
5.367219189E2;5.229862942E1;4.855062827E0;-9.790898152E-1;8.186334397E0;3.558256531E2;3.962990293E0;3.000000000E0
5.377219149E2;5.229870947E1;4.855046612E0;-1.998247281E-1;8.598817461E0;3.525093679E2;4.037143202E0;3.000000000E0
5.387219108E2;5.229879083E1;4.855026109E0;4.912311314E-1;8.376399605E0;3.527071651E2;4.038280891E0;3.000000000E0
5.397219065E2;5.229887011E1;4.855012492E0;6.309058378E-1;8.015773300E0;3.539960945E2;4.054381459E0;3.000000000E0
5.407219015E2;5.229894407E1;4.854998819E0;-1.580787180E-1;7.617576360E0;3.549560008E2;4.068561157E0;3.000000000E0
5.417218980E2;5.229901103E1;4.854991786E0;-1.612053029E-1;7.140016161E0;3.557902022E2;4.044575083E0;3.000000000E0
5.427218939E2;5.229906745E1;4.854983742E0;-9.257515650E-1;6.079480638E0;3.562049338E2;4.103284663E0;3.000000000E0
5.437218891E2;5.229911530E1;4.854978964E0;-5.317084203E-1;5.434289216E0;3.567105306E2;6.256120535E0;3.000000000E0
5.447218841E2;5.229914512E1;4.854992061E0;-1.186818337E0;4.147459532E0;1.337810533E0;7.592307748E0;3.000000000E0
5.457218806E2;5.229917369E1;4.854986478E0;-7.817862211E-1;2.937342806E0;1.958230755E0;8.403778797E0;3.000000000E0
5.467218765E2;5.229918739E1;4.854987347E0;-9.439046700E-1;2.074101710E0;6.411453792E0;8.973656800E0;3.000000000E0
5.477218721E2;5.229920135E1;4.854986437E0;-1.726351817E0;1.898892090E0;7.035271395E0;9.267208133E0;3.000000000E0
5.487218676E2;5.229921587E1;4.854983739E0;-2.206702826E0;1.921295719E0;7.120132944E0;1.015275874E1;3.000000000E0
5.497218627E2;5.229921809E1;4.854977941E0;-1.498900210E0;1.261134546E0;1.531225154E1;1.081223815E1;3.000000000E0
5.507218585E2;5.229922528E1;4.854972981E0;-1.400419922E0;1.054943109E0;2.399218252E1;1.155693953E1;3.128133056E0
5.517218543E2;5.229923509E1;4.854958732E0;-8.123587482E-1;7.859806132E-1;1.516625708E1;1.215569647E1;3.255812156E0
5.527218499E2;5.229924696E1;4.854926446E0;-4.757985156E-1;7.429813362E-1;1.271861264E0;1.297721468E1;3.483574829E0
5.537218457E2;5.229925282E1;4.854905077E0;-1.934453258E0;6.277999770E-1;3.461393545E2;1.356283722E1;3.515029019E0
5.547218421E2;5.229925372E1;4.854894411E0;-2.483790942E0;5.577261712E-1;3.391489884E2;1.381347403E1;3.449963426E0
5.557218370E2;5.229925326E1;4.854894583E0;-2.448500587E0;0.000000000E0;3.389331885E2;1.396218539E1;3.344036815E0
5.567218333E2;5.229925326E1;4.854894583E0;-2.448500587E0;0.000000000E0;3.389331885E2;1.421762737E1;3.313159351E0
5.577218288E2;5.229925326E1;4.854894583E0;-2.448500587E0;0.000000000E0;3.389331885E2;1.489534466E1;3.447941939E0
5.587218250E2;5.229925326E1;4.854894583E0;-2.448500587E0;0.000000000E0;3.389331885E2;1.553872882E1;3.563049244E0
5.597218201E2;5.229925326E1;4.854894583E0;-2.448500587E0;0.000000000E0;3.389331885E2;1.572859837E1;3.738121658E0
5.607218162E2;5.229925326E1;4.854894583E0;-2.448500587E0;0.000000000E0;3.389331885E2;1.585799542E1;3.981475924E0
5.617218112E2;5.229925326E1;4.854894583E0;-2.448500587E0;0.000000000E0;3.389331885E2;1.597517982E1;3.760352100E0
5.627218077E2;5.229925326E1;4.854894583E0;-2.448500587E0;0.000000000E0;3.389331885E2;1.593252657E1;4.013032122E0
5.637218026E2;5.229925847E1;4.854915268E0;-2.448500587E0;0.000000000E0;3.389331885E2;5.468867164E0;4.040621360E0
5.647217988E2;5.229925792E1;4.854912990E0;-2.448500587E0;0.000000000E0;3.389331885E2;5.200705549E0;4.160779198E0
5.657217945E2;5.229925751E1;4.854911349E0;-2.448500587E0;0.000000000E0;3.389331885E2;5.031642068E0;4.227561672E0
5.667217896E2;5.229925619E1;4.854907105E0;-2.778326706E0;9.984320724E-1;2.464153288E0;4.833896594E0;4.296519788E0
5.677217863E2;5.229926660E1;4.854909437E0;-1.739077783E0;1.797937173E0;2.635420608E1;4.999942678E0;4.136382597E0
5.687217811E2;5.229931746E1;4.854897586E0;-1.380254809E0;3.139323640E0;2.451990076E1;1.721516363E1;4.170087825E0
5.697217770E2;5.229937753E1;4.854913748E0;-7.455312917E-1;4.268349765E0;2.263118229E1;1.739004687E1;4.137258515E0
5.707217731E2;5.229943569E1;4.854936104E0;-8.859696332E-1;4.950726154E0;1.964788226E1;1.749563233E1;4.114035755E0
5.717217687E2;5.229950687E1;4.854968965E0;-6.637563733E-1;6.015564364E0;1.937755581E1;1.690872961E1;3.840234158E0
5.727217644E2;5.229956776E1;4.854996860E0;-4.218564034E-1;6.414187166E0;1.785643923E1;1.682538366E1;3.682964482E0
5.737217603E2;5.229959830E1;4.855208442E0;-1.118129767E0;7.152260849E0;2.353001785E1;1.679503766E1;3.567638750E0
5.747217556E2;5.229966164E1;4.855259734E0;-9.515940594E-1;7.568933906E0;2.677682304E1;1.506081802E1;3.055003999E0
5.757217513E2;5.229971877E1;4.855284517E0;-9.165432537E-1;8.037063133E0;3.281699371E1;1.420410606E1;3.591066734E0
5.767217467E2;5.229979542E1;4.855351730E0;-9.682288188E-1;8.512222469E0;3.281699371E1;1.553149041E1;3.803419531E0
5.777217426E2;5.229985597E1;4.855444969E0;-1.267006068E0;8.604368172E0;3.304233170E1;1.336505514E1;3.131988453E0
5.787217389E2;5.229992303E1;4.855515921E0;-1.653113245E0;8.530986066E0;3.296471405E1;1.399087358E1;3.205143864E0
5.797217342E2;5.229998699E1;4.855583586E0;-2.149668398E0;8.298091101E0;3.296471405E1;1.206249151E1;3.000000000E0
5.807217305E2;5.230003735E1;4.855636857E0;-3.272549357E0;7.632416588E0;3.296471405E1;1.206249151E1;3.194685530E0
5.817217257E2;5.230008844E1;4.855727120E0;-2.057966868E0;8.039267800E0;3.778117371E1;1.383806441E1;3.562113798E0
5.827217208E2;5.230014167E1;4.855794422E0;-1.769710959E0;8.323824061E0;4.600403247E0;1.277701763E1;3.400736636E0
5.837217171E2;5.230032764E1;4.855511387E0;-9.742819862E-1;9.209572810E0;3.518829041E2;1.261161771E1;3.453763396E0
5.847217124E2;5.230043405E1;4.855506538E0;-1.932581047E0;9.621877913E0;1.501782775E0;1.443790920E1;3.952731032E0
5.857217089E2;5.230053077E1;4.855535034E0;-3.886607629E0;9.767173247E0;8.650285721E0;1.298313381E1;3.500468490E0
5.867217038E2;5.230062165E1;4.855577544E0;-3.224937462E0;9.930885147E0;1.953340530E1;1.158540490E1;3.140392171E0
5.877216997E2;5.230069693E1;4.855648073E0;-3.263922939E0;1.021225457E1;2.469329643E1;1.213429121E1;3.928772682E0
5.887216960E2;5.230073336E1;4.855728998E0;-1.815588651E0;1.045437404E1;3.554503537E2;1.817313385E1;3.546933500E0
5.897216916E2;5.230077936E1;4.855804696E0;-8.115601642E-1;1.010771134E1;4.115213013E1;2.466693975E1;3.572940892E0
5.907216873E2;5.230086096E1;4.855938453E0;-2.310954272E0;9.313305994E0;2.976519966E1;3.119647896E1;3.714661794E0
5.917216825E2;5.230093351E1;4.856006135E0;-3.793691359E0;9.107689676E0;2.976519966E1;3.319545358E1;3.728914937E0
5.927216778E2;5.230101792E1;4.856081782E0;-3.963900585E0;8.989340011E0;2.635839844E1;3.570070907E1;3.211098887E0
5.937216743E2;5.230109227E1;4.856143673E0;-4.105586986E0;9.185711864E0;2.695952415E1;3.759170797E1;3.055585682E0
5.947216698E2;5.230120313E1;4.856229796E0;-4.950212937E0;8.983747538E0;1.931212807E1;3.760551368E1;3.000000000E0
5.957216655E2;5.230125431E1;4.856259049E0;-4.983244738E0;8.084297662E0;1.931212807E1;3.469442521E1;3.000000000E0
5.967216611E2;5.230127143E1;4.856268833E0;-4.938225600E0;6.309061163E0;1.931212807E1;3.381819152E1;3.299466554E0
5.977216572E2;5.230129293E1;4.856281081E0;-5.256433273E0;4.848153057E0;1.914424515E1;3.401499811E1;3.761547424E0
5.987216531E2;5.230131201E1;4.856291886E0;-5.546281356E0;3.720000212E0;1.914424515E1;3.404247089E1;4.050032538E0
5.997216485E2;5.230133567E1;4.856305287E0;-5.192826356E0;3.085598776E0;1.914424515E1;3.453279224E1;4.154321391E0
6.007216439E2;5.230133864E1;4.856306967E0;-4.792064478E0;1.908852993E0;1.914424515E1;3.417932695E1;4.365926623E0
6.017216399E2;5.230142798E1;4.855861739E0;-5.361431829E0;8.561887259E-1;2.356359534E1;1.131224566E1;4.588954662E0
6.027216358E2;5.230142605E1;4.855860310E0;-5.354588666E0;0.000000000E0;2.342971461E1;1.177683948E1;5.023411988E0
6.037216312E2;5.230142014E1;4.855862133E0;-5.264345921E0;0.000000000E0;2.336981585E1;1.252823872E1;5.546066250E0
6.047216263E2;5.230142014E1;4.855862133E0;-5.264345921E0;0.000000000E0;2.336981585E1;1.309607692E1;6.045691900E0
6.057216229E2;5.230142014E1;4.855862133E0;-5.264345921E0;0.000000000E0;2.336981585E1;1.361839821E1;6.499543922E0
6.067216177E2;5.230144601E1;4.855885394E0;-5.931886129E0;1.343885821E0;3.054547335E1;1.399847960E1;6.807245908E0
6.077216146E2;5.230147670E1;4.855916376E0;-5.795243044E0;2.439256495E0;3.142801871E1;1.411656297E1;6.914583321E0
6.087216095E2;5.230151893E1;4.855955280E0;-5.703240985E0;3.663901200E0;2.979661239E1;1.423484020E1;7.028786734E0
6.097216054E2;5.230157839E1;4.855999987E0;-7.206843686E0;4.983417232E0;2.774517895E1;1.426732573E1;7.150314656E0
6.107216003E2;5.230164803E1;4.856052822E0;-3.422710566E0;6.162890450E0;2.822380989E1;1.534544131E1;5.648921297E0
6.117215967E2;5.230171169E1;4.856097088E0;-2.203981548E0;6.806616587E0;2.682660655E1;1.538074437E1;4.714251144E0
6.127215929E2;5.230177990E1;4.856155563E0;-1.624201405E0;7.489570153E0;2.868806403E1;1.533165184E1;4.244735724E0
6.137215884E2;5.230184333E1;4.856239236E0;-1.102240073E0;8.071323875E0;3.495731330E1;1.425197780E1;3.787736808E0
6.147215836E2;5.230190292E1;4.856343017E0;-2.631536676E-1;8.609607429E0;4.103711328E1;1.575609951E1;3.931731362E0
6.157215791E2;5.230195280E1;4.856471113E0;-9.765768154E-1;9.109228075E0;4.838556290E1;1.451292278E1;3.503419818E0
6.167215755E2;5.230198498E1;4.856592697E0;-2.264522552E0;8.941888399E0;5.399351021E1;1.352407588E1;3.332029185E0
6.177215711E2;5.230202587E1;4.856699766E0;-2.015237070E0;8.546352034E0;5.461503263E1;1.361279403E1;3.288531416E0
6.187215660E2;5.230202156E1;4.856839383E0;-8.116434626E-1;7.740880767E0;5.191252518E1;1.361279404E1;3.237018380E0
6.197215630E2;5.230205835E1;4.856916297E0;-1.779125306E0;6.782192767E0;4.643792725E1;1.534040573E1;3.546580803E0
6.207215577E2;5.230210289E1;4.856981981E0;-2.063866913E0;6.343309743E0;3.896591568E1;1.603775554E1;3.551083896E0
6.217215536E2;5.230220266E1;4.856906491E0;-1.487186894E0;6.093904014E0;4.007596647E1;1.631282952E1;3.427724382E0
6.227215490E2;5.230225368E1;4.856933967E0;5.006160000E-1;5.842914511E0;3.694382576E1;1.764953971E1;3.409289691E0
6.237215449E2;5.230230004E1;4.857027227E0;-1.402964769E-1;6.302294094E0;4.705051282E1;1.858546773E1;3.477908759E0
6.247215402E2;5.230231493E1;4.857146352E0;1.392857633E0;6.558372637E0;5.970657031E1;1.920731844E1;3.389400123E0
6.257215369E2;5.230226688E1;4.857284310E0;6.077737538E-1;6.273904152E0;5.722401428E1;1.926874603E1;3.241501407E0
6.267215326E2;5.230227100E1;4.857344844E0;-7.713842858E-1;6.316125569E0;9.646268144E1;2.017007253E1;3.330405322E0
6.277215282E2;5.230221297E1;4.857455546E0;-2.318532447E0;5.870761270E0;1.120439224E2;2.069303304E1;3.290615936E0
6.287215239E2;5.230219037E1;4.857504215E0;-3.023359162E0;4.920313262E0;1.120439224E2;2.006628334E1;3.000000000E0
6.297215189E2;5.230218052E1;4.857542778E0;-3.838819035E0;4.078029810E0;1.120439224E2;1.972372831E1;3.000000000E0
6.307215152E2;5.230217106E1;4.857559026E0;-4.353179094E0;3.202974052E0;1.120439224E2;1.941327552E1;3.000000000E0
6.317215103E2;5.230216170E1;4.857598892E0;-3.888406878E0;3.062055433E0;1.120439224E2;1.991746408E1;3.000000000E0
6.327215061E2;5.230215656E1;4.857649312E0;-4.520275950E0;2.955328473E0;1.118577347E2;2.066744574E1;3.000000000E0
6.337215015E2;5.230215526E1;4.857704473E0;-4.164719938E0;2.895291352E0;1.118577347E2;2.269787038E1;3.000000000E0
6.347214980E2;5.230213758E1;4.857723469E0;-3.159053499E0;2.591810079E0;1.118577347E2;2.331510848E1;3.000000000E0
6.357214935E2;5.230213175E1;4.857747164E0;-2.814272315E0;2.590292906E0;1.118577347E2;2.176790373E1;3.000000000E0
6.367214890E2;5.230212874E1;4.857759428E0;-3.637485784E0;2.588339185E0;1.118577347E2;2.045873048E1;3.000000000E0
6.377214854E2;5.230212323E1;4.857781826E0;-4.093129823E0;2.743906899E0;1.118577347E2;1.933658199E1;3.000000000E0
6.387214807E2;5.230211550E1;4.857813265E0;-4.022213908E0;2.854252809E0;1.118577347E2;1.974960206E1;3.000000000E0
6.397214762E2;5.230210675E1;4.857848848E0;-4.006709768E0;2.901547606E0;1.118577347E2;2.249200625E1;3.000000000E0
6.407214725E2;5.230220056E1;4.857925071E0;-2.975653259E0;0.000000000E0;9.147467319E1;2.549068966E1;3.000000000E0
6.417214673E2;5.230219941E1;4.857791526E0;-2.962629332E0;0.000000000E0;9.340689150E1;1.933658198E1;3.000000000E0
6.427214637E2;5.230219941E1;4.857791526E0;-2.962629332E0;0.000000000E0;9.340689150E1;1.933658198E1;3.000000000E0
6.538634105E2;5.230226528E1;4.857765427E0;-2.939151997E0;0.000000000E0;9.340691361E1;1.727315683E1;3.000000000E0
6.548565427E2;5.230226539E1;4.857765212E0;-2.939151997E0;0.000000000E0;9.340691361E1;1.732127626E1;3.000000000E0
6.558576698E2;5.230226539E1;4.857765212E0;-2.939151997E0;0.000000000E0;9.340691361E1;1.740452932E1;3.000000000E0
6.568571522E2;5.230226539E1;4.857765212E0;-2.939151997E0;0.000000000E0;9.340691361E1;1.714998047E1;3.000000000E0
6.578590016E2;5.230226539E1;4.857765212E0;-2.939151997E0;0.000000000E0;9.340691361E1;1.722136364E1;3.000000000E0
6.588597631E2;5.230226539E1;4.857765212E0;-2.939151997E0;0.000000000E0;9.340691361E1;1.729356524E1;3.000000000E0
6.598573543E2;5.230226539E1;4.857765212E0;-2.939151997E0;0.000000000E0;9.340691361E1;1.736949861E1;3.000000000E0
6.608570820E2;5.230226539E1;4.857765212E0;-2.939151997E0;0.000000000E0;9.340691361E1;1.745497750E1;3.000000000E0
6.618566791E2;5.230226539E1;4.857765212E0;-2.939151997E0;0.000000000E0;9.340691361E1;1.765152385E1;3.000000000E0
6.742551811E2;5.230228719E1;4.857753756E0;-5.288482812E0;NaN;NaN;1.225276692E1;3.000000000E0
6.802650120E2;5.230231911E1;4.857741324E0;-5.288482812E0;NaN;NaN;1.645684339E1;3.000000000E0
6.863553970E2;5.230230151E1;4.857756142E0;-5.288482812E0;NaN;NaN;9.416262791E0;3.000000000E0
6.867551590E2;5.230230851E1;4.857737481E0;-5.288482812E0;NaN;NaN;6.844068854E0;3.000000000E0
6.887212658E2;5.230231205E1;4.857735638E0;-2.994727193E0;0.000000000E0;9.340691361E1;1.123107517E1;3.000000000E0
6.897212608E2;5.230230124E1;4.857742192E0;-2.944340892E0;0.000000000E0;9.340691361E1;6.801682508E0;3.000000000E0
6.907212576E2;5.230230018E1;4.857742839E0;-2.939530478E0;0.000000000E0;9.340691361E1;6.287215632E0;3.000000000E0
6.917212524E2;5.230230006E1;4.857742913E0;-2.939178825E0;0.000000000E0;9.340691361E1;6.241396728E0;3.000000000E0
6.927212491E2;5.230230510E1;4.857745766E0;-2.939090020E0;2.660994193E-1;9.340720515E1;7.786916480E0;3.000000000E0
6.937212442E2;5.230235201E1;4.857759194E0;-5.019229488E0;1.029918570E-1;9.340723287E1;1.367360858E1;3.000000000E0
6.947212403E2;5.230242215E1;4.857786706E0;-3.745736532E0;2.961369569E-2;9.340723295E1;1.371670461E1;3.000000000E0
6.957212360E2;5.230245589E1;4.857794704E0;-2.800193942E0;3.562627920E-1;9.340723973E1;1.565678977E1;3.000000000E0
6.967212318E2;5.230250283E1;4.857805630E0;-2.904856038E0;0.000000000E0;9.340723790E1;1.649397745E1;3.000000000E0
6.977212270E2;5.230255256E1;4.857813639E0;-2.904856038E0;0.000000000E0;9.340723790E1;1.560728243E1;3.000000000E0
6.987212228E2;5.230259206E1;4.857818691E0;-2.904856038E0;0.000000000E0;9.340723790E1;1.324835377E1;3.000000000E0
6.998570430E2;5.230260943E1;4.857827017E0;-2.904856038E0;0.000000000E0;9.340723790E1;1.087488864E1;3.000000000E0
7.008580844E2;5.230261573E1;4.857827881E0;-2.904856038E0;0.000000000E0;9.340723790E1;1.007696887E1;3.000000000E0
7.018571421E2;5.230261684E1;4.857828605E0;-2.904856038E0;0.000000000E0;9.340723790E1;9.937977332E0;3.000000000E0
7.028579614E2;5.230261692E1;4.857828994E0;-2.904856038E0;0.000000000E0;9.340723790E1;9.888148799E0;3.000000000E0
7.038585409E2;5.230261671E1;4.857829510E0;-2.904856038E0;0.000000000E0;9.340723790E1;9.857044134E0;3.000000000E0
7.048575823E2;5.230261653E1;4.857829879E0;-2.904856038E0;0.000000000E0;9.340723790E1;9.857898283E0;3.000000000E0
7.057211928E2;5.230261783E1;4.857814643E0;-2.904856038E0;0.000000000E0;9.340723790E1;9.587686161E0;3.000000000E0
7.067211888E2;5.230261550E1;4.857819959E0;-2.904856038E0;0.000000000E0;9.340723790E1;9.385149684E0;3.000000000E0
7.077211840E2;5.230261547E1;4.857820020E0;-2.904856038E0;0.000000000E0;9.340723790E1;9.387162875E0;3.000000000E0
7.087211796E2;5.230261544E1;4.857820092E0;-2.904856038E0;0.000000000E0;9.340723790E1;9.450265683E0;3.000000000E0
7.097211757E2;5.230261540E1;4.857820185E0;-2.904856038E0;0.000000000E0;9.340723790E1;9.447854012E0;3.000000000E0
7.107211714E2;5.230251126E1;4.857826414E0;-2.904856038E0;0.000000000E0;9.340723790E1;5.586154590E0;3.000000000E0
7.117211672E2;5.230252149E1;4.857840247E0;-2.904856038E0;0.000000000E0;9.340723790E1;5.174203409E0;3.000000000E0
7.127211623E2;5.230252884E1;4.857850175E0;-2.904856038E0;0.000000000E0;9.340723790E1;4.818923114E0;3.000000000E0
7.137211589E2;5.230253438E1;4.857857666E0;-2.904856038E0;0.000000000E0;9.340723790E1;4.587746138E0;3.000000000E0
7.147211539E2;5.230253438E1;4.857857673E0;-2.904856038E0;0.000000000E0;9.340723790E1;4.612225016E0;3.000000000E0
7.157211493E2;5.230253439E1;4.857857677E0;-2.904856038E0;0.000000000E0;9.340723790E1;4.809457499E0;3.000000000E0
7.167211452E2;5.230253375E1;4.857855573E0;-2.904856038E0;0.000000000E0;9.340723790E1;4.797726902E0;3.000000000E0
7.177211405E2;5.230253890E1;4.857862687E0;-2.904856038E0;0.000000000E0;9.340723790E1;4.539376419E0;3.000000000E0
7.187211362E2;5.230254313E1;4.857868530E0;-2.904856038E0;0.000000000E0;9.340723790E1;4.430809561E0;3.000000000E0
7.197211329E2;5.230254674E1;4.857873514E0;-2.904856038E0;0.000000000E0;9.340723790E1;4.387706996E0;3.000000000E0
7.207211283E2;5.230254977E1;4.857877709E0;-2.904856038E0;0.000000000E0;9.340723790E1;4.305786604E0;3.000000000E0
7.217211242E2;5.230254979E1;4.857877737E0;-2.904856038E0;0.000000000E0;9.340723790E1;4.464337682E0;3.000000000E0
7.227211198E2;5.230254980E1;4.857877749E0;-2.904856038E0;0.000000000E0;9.340723790E1;4.533339707E0;3.000000000E0
7.238575897E2;5.230254980E1;4.857877756E0;-2.904856038E0;0.000000000E0;9.340723790E1;4.727633713E0;3.000000000E0
7.248576185E2;5.230255278E1;4.857881868E0;-2.904856038E0;0.000000000E0;9.340723790E1;4.573846453E0;3.000000000E0
7.258580021E2;5.230255510E1;4.857885077E0;-2.904856038E0;0.000000000E0;9.340723790E1;4.329656316E0;3.000000000E0
7.268578856E2;5.230255706E1;4.857887779E0;-2.904856038E0;0.000000000E0;9.340723790E1;4.227041528E0;3.000000000E0
7.278574351E2;5.230255864E1;4.857889971E0;-2.904856038E0;0.000000000E0;9.340723790E1;4.035214777E0;3.000000000E0
7.288584120E2;5.230256129E1;4.857891969E0;-2.904856038E0;0.000000000E0;9.340723790E1;3.861261969E0;3.000000000E0
7.298585273E2;5.230256138E1;4.857892109E0;-2.904856038E0;0.000000000E0;9.340723790E1;3.985183381E0;3.000000000E0
7.308577676E2;5.230256139E1;4.857892118E0;-2.904856038E0;0.000000000E0;9.340723790E1;4.005748179E0;3.000000000E0
7.318567719E2;5.230256261E1;4.857893955E0;-2.904856038E0;0.000000000E0;9.340723790E1;3.993092142E0;3.000000000E0
7.328612915E2;5.230256261E1;4.857893966E0;-2.904856038E0;0.000000000E0;9.340723790E1;4.165458747E0;3.000000000E0
7.338604358E2;5.230256380E1;4.857895746E0;-2.904856038E0;0.000000000E0;9.340723790E1;4.157297184E0;3.000000000E0
7.348607030E2;5.230256380E1;4.857895749E0;-2.904856038E0;0.000000000E0;9.340723790E1;4.372152007E0;3.000000000E0
7.358603485E2;5.230256380E1;4.857895750E0;-2.904856038E0;0.000000000E0;9.340723790E1;4.409426603E0;3.000000000E0
7.368614458E2;5.230256494E1;4.857897465E0;-2.904856038E0;0.000000000E0;9.340723790E1;4.355635240E0;3.000000000E0
7.378614159E2;5.230256593E1;4.857898951E0;-2.904856038E0;0.000000000E0;9.340723790E1;4.305885661E0;3.000000000E0
7.388608078E2;5.230256673E1;4.857900153E0;-2.904856038E0;0.000000000E0;9.340723790E1;4.108677539E0;3.000000000E0
7.398600187E2;5.230256744E1;4.857901227E0;-2.904856038E0;0.000000000E0;9.340723790E1;4.095983983E0;3.000000000E0
7.408607985E2;5.230256892E1;4.857901451E0;-2.904856038E0;0.000000000E0;9.340723790E1;4.084976069E0;3.000000000E0
7.418603314E2;5.230256947E1;4.857902472E0;-2.904856038E0;0.000000000E0;9.340723790E1;4.048419933E0;3.000000000E0
7.428573189E2;5.230256996E1;4.857903365E0;-2.904856038E0;0.000000000E0;9.340723790E1;4.007224621E0;3.000000000E0
7.438598588E2;5.230257036E1;4.857904102E0;-2.904856038E0;0.000000000E0;9.340723790E1;3.843976539E0;3.000000000E0
7.448609847E2;5.230257072E1;4.857904768E0;-2.904856038E0;0.000000000E0;9.340723790E1;3.839884834E0;3.000000000E0
7.458572788E2;5.230257103E1;4.857905347E0;-2.904856038E0;0.000000000E0;9.340723790E1;3.762878519E0;3.000000000E0
7.468567619E2;5.230257242E1;4.857904982E0;-2.904856038E0;0.000000000E0;9.340723790E1;3.646420034E0;3.000000000E0
7.478568211E2;5.230257258E1;4.857905493E0;-2.904856038E0;0.000000000E0;9.340723790E1;3.635743628E0;3.000000000E0
7.488568527E2;5.230257273E1;4.857905928E0;-2.904856038E0;0.000000000E0;9.340723790E1;3.528040379E0;3.000000000E0
7.498569663E2;5.230257287E1;4.857906360E0;-2.904856038E0;0.000000000E0;9.340723790E1;3.654761057E0;3.000000000E0
7.508564403E2;5.230257300E1;4.857906769E0;-2.904856038E0;0.000000000E0;9.340723790E1;3.708234010E0;3.000000000E0
7.518564322E2;5.230257301E1;4.857906782E0;-2.904856038E0;0.000000000E0;9.340723790E1;3.945890565E0;3.000000000E0
7.528568950E2;5.230257301E1;4.857906791E0;-2.904856038E0;0.000000000E0;9.340723790E1;4.166893118E0;3.000000000E0
7.538566742E2;5.230257301E1;4.857906798E0;-2.904856038E0;0.000000000E0;9.340723790E1;4.208280933E0;3.000000000E0
7.548563062E2;5.230257301E1;4.857906809E0;-2.904856038E0;0.000000000E0;9.340723790E1;4.401687651E0;3.000000000E0
7.558578420E2;5.230257302E1;4.857906816E0;-2.904856038E0;0.000000000E0;9.340723790E1;4.586008647E0;3.000000000E0
7.568560815E2;5.230257302E1;4.857906825E0;-2.904856038E0;0.000000000E0;9.340723790E1;4.582947643E0;3.000000000E0
7.578558723E2;5.230257302E1;4.857906833E0;-2.904856038E0;0.000000000E0;9.340723790E1;4.740923347E0;3.000000000E0
7.588572649E2;5.230257302E1;4.857906839E0;-2.904856038E0;0.000000000E0;9.340723790E1;4.791648054E0;3.000000000E0
7.598542588E2;5.230257303E1;4.857906845E0;-2.904856038E0;0.000000000E0;9.340723790E1;4.929846611E0;3.000000000E0
7.608557012E2;5.230257303E1;4.857906850E0;-2.904856038E0;0.000000000E0;9.340723790E1;5.052533175E0;3.000000000E0
7.618558494E2;5.230257303E1;4.857906857E0;-2.904856038E0;0.000000000E0;9.340723790E1;5.054081309E0;3.000000000E0
7.628563756E2;5.230257303E1;4.857906868E0;-2.904856038E0;0.000000000E0;9.340723790E1;5.170686352E0;3.000000000E0
7.638559396E2;5.230257304E1;4.857906876E0;-2.904856038E0;0.000000000E0;9.340723790E1;5.226097232E0;3.000000000E0
7.648559186E2;5.230257327E1;4.857907588E0;-2.904856038E0;0.000000000E0;9.340723790E1;4.937179413E0;3.000000000E0
7.658567420E2;5.230257345E1;4.857908138E0;-2.904856038E0;0.000000000E0;9.340723790E1;4.710332054E0;3.000000000E0
7.668554864E2;5.230257345E1;4.857908140E0;-2.904856038E0;0.000000000E0;9.340723790E1;4.729914644E0;3.000000000E0
7.678556502E2;5.230257345E1;4.857908142E0;-2.904856038E0;0.000000000E0;9.340723790E1;4.912630868E0;3.000000000E0
7.688556682E2;5.230257345E1;4.857908144E0;-2.904856038E0;0.000000000E0;9.340723790E1;5.055826814E0;3.000000000E0
7.698554637E2;5.230257345E1;4.857908144E0;-2.904856038E0;0.000000000E0;9.340723790E1;5.221477052E0;3.000000000E0
7.708597497E2;5.230257345E1;4.857908145E0;-2.904856038E0;0.000000000E0;9.340723790E1;5.388641863E0;3.000000000E0
7.718588679E2;5.230257345E1;4.857908145E0;-2.904856038E0;0.000000000E0;9.340723790E1;5.422142724E0;3.000000000E0
7.728598281E2;5.230257345E1;4.857908147E0;-2.904856038E0;0.000000000E0;9.340723790E1;5.576008143E0;3.000000000E0
7.738595701E2;5.230257346E1;4.857908152E0;-2.904856038E0;0.000000000E0;9.340723790E1;5.722324582E0;3.000000000E0
7.748560373E2;5.230257346E1;4.857908154E0;-2.904856038E0;0.000000000E0;9.340723790E1;5.721666260E0;3.000000000E0
7.758593849E2;5.230257346E1;4.857908155E0;-2.904856038E0;0.000000000E0;9.340723790E1;5.854339466E0;3.000000000E0
7.768591353E2;5.230257365E1;4.857908763E0;-2.904856038E0;0.000000000E0;9.340723790E1;5.455590456E0;3.000000000E0
7.778599490E2;5.230257387E1;4.857908335E0;-2.904856038E0;0.000000000E0;9.340723790E1;5.438104372E0;3.000000000E0
7.788618029E2;5.230257399E1;4.857908865E0;-2.904856038E0;0.000000000E0;9.340723790E1;5.159449664E0;3.000000000E0
7.798590729E2;5.230257409E1;4.857909269E0;-2.904856038E0;0.000000000E0;9.340723790E1;4.854264017E0;3.000000000E0
7.808595614E2;5.230257417E1;4.857909599E0;-2.904856038E0;0.000000000E0;9.340723790E1;4.691069400E0;3.000000000E0
7.818592621E2;5.230257417E1;4.857909600E0;-2.904856038E0;0.000000000E0;9.340723790E1;4.735589637E0;3.000000000E0
7.828597713E2;5.230257417E1;4.857909602E0;-2.904856038E0;0.000000000E0;9.340723790E1;4.808041047E0;3.000000000E0
7.838579298E2;5.230257424E1;4.857909884E0;-2.904856038E0;0.000000000E0;9.340723790E1;4.623017574E0;3.000000000E0
7.848591435E2;5.230257424E1;4.857909888E0;-2.904856038E0;0.000000000E0;9.340723790E1;4.643787471E0;3.000000000E0
7.858609673E2;5.230257424E1;4.857909898E0;-2.904856038E0;0.000000000E0;9.340723790E1;4.831728688E0;3.000000000E0
7.868593770E2;5.230257430E1;4.857910155E0;-2.904856038E0;0.000000000E0;9.340723790E1;4.627249748E0;3.000000000E0
7.878597858E2;5.230257430E1;4.857910156E0;-2.904856038E0;0.000000000E0;9.340723790E1;4.825660220E0;3.000000000E0
7.888591279E2;5.230257436E1;4.857910382E0;-2.904856038E0;0.000000000E0;9.340723790E1;4.617400136E0;3.000000000E0
7.898592955E2;5.230257436E1;4.857910387E0;-2.904856038E0;0.000000000E0;9.340723790E1;4.655833404E0;3.000000000E0
7.908539381E2;5.230257436E1;4.857910392E0;-2.904856038E0;0.000000000E0;9.340723790E1;4.758081761E0;3.000000000E0
7.918588985E2;5.230257436E1;4.857910397E0;-2.904856038E0;0.000000000E0;9.340723790E1;4.930115809E0;3.000000000E0
7.928591614E2;5.230257437E1;4.857910413E0;-2.904856038E0;0.000000000E0;9.340723790E1;5.700824366E0;3.000000000E0
7.938586640E2;5.230257437E1;4.857910434E0;-2.904856038E0;0.000000000E0;9.340723790E1;6.473079020E0;3.000000000E0
7.948587487E2;5.230257438E1;4.857910459E0;-2.904856038E0;0.000000000E0;9.340723790E1;7.150625433E0;3.000000000E0
7.958588222E2;5.230257438E1;4.857910482E0;-2.904856038E0;0.000000000E0;9.340723790E1;7.756170424E0;3.000000000E0
7.968588628E2;5.230257439E1;4.857910507E0;-2.904856038E0;0.000000000E0;9.340723790E1;8.308279033E0;3.000000000E0
7.978589318E2;5.230257440E1;4.857910539E0;-2.904856038E0;0.000000000E0;9.340723790E1;8.786141690E0;3.000000000E0
7.988546840E2;5.230257440E1;4.857910572E0;-2.904856038E0;0.000000000E0;9.340723790E1;9.221073115E0;3.000000000E0
7.998537073E2;5.230257441E1;4.857910600E0;-2.904856038E0;0.000000000E0;9.340723790E1;9.653194553E0;3.000000000E0
8.008535565E2;5.230258797E1;4.858032848E0;-4.150818101E0;2.876139855E-2;9.340746177E1;1.013403823E1;3.000000000E0
8.018586113E2;5.230259239E1;4.858076548E0;-4.364384467E0;8.014875572E-2;9.340746131E1;8.746329277E0;3.000000000E0
8.028544662E2;5.230259548E1;4.858100780E0;-3.653562423E0;4.056628421E-1;9.340746895E1;8.218747681E0;3.000000000E0
8.038584515E2;5.230259858E1;4.858119235E0;-3.442832964E0;5.717078727E-1;9.340747251E1;8.224097572E0;3.000000000E0
8.048586243E2;5.230261094E1;4.858129954E0;-1.974125205E0;1.260895690E0;3.439814156E1;8.455369134E0;3.000000000E0
8.058581089E2;5.230263047E1;4.858138567E0;-1.971105768E0;1.316643635E0;2.150795100E1;8.808937777E0;3.000000000E0
8.068528461E2;5.230264874E1;4.858138715E0;-1.640494156E0;1.291951197E0;1.917271491E0;9.144009039E0;3.000000000E0
8.078587745E2;5.230266557E1;4.858135429E0;-2.570227259E0;1.445543632E0;6.340949152E0;9.503799379E0;3.000000000E0
8.088588699E2;5.230268195E1;4.858136427E0;-3.308969797E0;1.534555658E0;1.109624316E1;9.916788187E0;3.000000000E0
8.098586079E2;5.230268909E1;4.858106595E0;-3.305470323E0;1.429478035E0;1.458532736E1;9.834050330E0;3.000000000E0
8.108584231E2;5.230269079E1;4.858070148E0;-2.413300036E0;1.952673182E0;2.893786099E2;1.071073217E1;3.000000000E0
8.118574777E2;5.230268758E1;4.858016652E0;-2.547771221E0;0.000000000E0;2.893295484E2;1.063938965E1;3.000000000E0
8.128584567E2;5.230267175E1;4.858002757E0;-3.071697200E0;0.000000000E0;2.896987762E2;9.882771879E0;3.000000000E0
8.138580822E2;5.230267076E1;4.858001883E0;-3.071697200E0;0.000000000E0;2.896987762E2;1.036691889E1;3.000000000E0
8.148591812E2;5.230267378E1;4.858005905E0;-4.517959052E0;3.531321574E-1;2.849474824E2;1.082564101E1;3.000000000E0
8.158571576E2;5.230267236E1;4.858006401E0;-4.518191820E0;0.000000000E0;NaN;1.124897461E1;3.000000000E0
8.168556503E2;5.230262588E1;4.857984875E0;-4.518191820E0;0.000000000E0;NaN;2.068891503E1;3.000000000E0
8.178559952E2;5.230262563E1;4.857984758E0;-4.518191820E0;0.000000000E0;NaN;5.118369347E1;3.000000000E0
8.188597676E2;5.230269296E1;4.858256486E0;-3.729114034E0;1.668245740E-2;NaN;5.043976185E1;3.000000000E0
8.198564409E2;5.230265917E1;4.857844237E0;-4.294316158E0;0.000000000E0;NaN;3.122538346E1;3.000000000E0
8.208561170E2;5.230265883E1;4.857846431E0;-4.294316158E0;0.000000000E0;NaN;3.103832965E1;3.000000000E0
8.218560611E2;5.230265538E1;4.857890164E0;-4.478487655E0;1.602312775E-1;NaN;1.640932183E1;3.000000000E0
8.227206901E2;5.230266803E1;4.857887727E0;-4.434428603E0;6.735440343E-1;3.330661816E2;1.287894753E1;3.000000000E0
8.237206860E2;5.230269751E1;4.857836130E0;-3.225772670E0;3.274423151E0;3.178541352E2;1.311215436E1;3.000000000E0
8.247206818E2;5.230273277E1;4.857770458E0;-3.484950574E0;4.828121693E0;3.144782755E2;1.321274250E1;3.000000000E0
8.257206774E2;5.230277487E1;4.857684978E0;-2.274162677E0;5.880103046E0;3.135308288E2;1.324846670E1;3.000000000E0
8.267206726E2;5.230284183E1;4.857529653E0;-3.583110511E0;6.577305937E0;3.191713242E2;1.068946930E1;3.000000000E0
8.277206692E2;5.230297666E1;4.857600605E0;-5.512733414E0;6.607394597E0;3.219398804E2;9.957858188E0;3.000000000E0
8.287206645E2;5.230304063E1;4.857518907E0;-3.435835334E0;8.237487411E0;3.219398804E2;9.592853544E0;3.000000000E0
8.297206599E2;5.230311010E1;4.857436719E0;-3.643469898E0;9.469500924E0;3.247601013E2;9.364575371E0;3.000000000E0
8.307206556E2;5.230318166E1;4.857354253E0;-3.659457568E0;9.914136374E0;3.247601013E2;9.892542719E0;3.000000000E0
8.317206514E2;5.230323671E1;4.857208932E0;-8.784936285E-1;1.019213954E1;3.547195129E2;1.021214576E1;3.000000000E0
8.327206470E2;5.230334240E1;4.857214196E0;-1.124578362E0;1.024572104E1;3.513391113E2;1.054561539E1;3.000000000E0
8.337206426E2;5.230344740E1;4.857181045E0;-1.337741948E0;1.057182161E1;3.475950623E2;1.083849389E1;3.000000000E0
8.347206379E2;5.230357190E1;4.857112541E0;-2.164145056E-1;1.114616986E1;3.478834534E2;1.069142910E1;3.000000000E0
8.357206346E2;5.230372235E1;4.857076988E0;-2.420786017E0;1.130068347E1;3.482112122E2;1.004488808E1;3.000000000E0
8.367206295E2;5.230388429E1;4.857038043E0;-3.473519305E0;1.166430910E1;3.482112122E2;9.093848074E0;3.000000000E0
8.377206256E2;5.230402156E1;4.857014924E0;-6.612607693E0;1.195842444E1;3.496164551E2;9.038746260E0;3.000000000E0
8.387206221E2;5.230414992E1;4.856977817E0;-5.127892293E0;1.235180909E1;3.506444092E2;8.996713951E0;3.000000000E0
8.397206174E2;5.230429193E1;4.856957183E0;-3.927558489E0;1.256991463E1;3.548013306E2;8.495678854E0;3.000000000E0
8.407206122E2;5.230443901E1;4.856936919E0;-5.293737255E0;1.283198128E1;3.559398193E2;8.328464587E0;3.000000000E0
8.417206086E2;5.230456994E1;4.856924066E0;-5.850913421E0;1.224608107E1;3.563032227E2;8.052589345E0;3.000000000E0
8.427206043E2;5.230477939E1;4.856876185E0;-4.613272254E0;1.225154457E1;3.521992493E2;1.098376087E1;3.000000000E0
8.437205999E2;5.230490052E1;4.856857392E0;-4.251470890E0;1.230437759E1;3.514902344E2;7.412419157E0;3.000000000E0
8.447205960E2;5.230501277E1;4.856832970E0;-4.347204070E0;1.207537766E1;3.514902344E2;6.757775754E0;3.000000000E0
8.457205913E2;5.230512961E1;4.856799539E0;-5.692543122E0;1.219952732E1;3.514902344E2;6.823317186E0;3.000000000E0
8.467205869E2;5.230524363E1;4.856763821E0;-2.481897579E0;1.238663462E1;3.514902344E2;6.784623422E0;3.000000000E0
8.477205826E2;5.230536106E1;4.856730309E0;-7.886226261E-1;1.252657533E1;3.516018677E2;6.543001513E0;3.000000000E0
8.487205784E2;5.230546076E1;4.856707143E0;-2.526800523E0;1.208778611E1;3.528642578E2;6.313997790E0;3.000000000E0
8.497205743E2;5.230555695E1;4.856668780E0;-3.576161365E0;1.154109350E1;3.537509460E2;6.227448938E0;3.000000000E0
8.507205700E2;5.230564936E1;4.856655454E0;-3.969032171E0;1.065401632E1;3.579618225E2;6.022014625E0;3.000000000E0
8.517205653E2;5.230574451E1;4.856662966E0;-4.879171968E0;1.034192797E1;3.595811157E2;5.975944514E0;3.000000000E0
8.527205610E2;5.230582696E1;4.856662440E0;-4.087114993E0;9.532651158E0;0.000000000E0;6.055695256E0;3.000000000E0
8.537205571E2;5.230589909E1;4.856666815E0;-4.029955626E0;8.576700155E0;1.696237683E0;5.906452382E0;3.000000000E0
8.547205527E2;5.230596402E1;4.856673994E0;-4.644774582E0;7.489265501E0;3.652189255E0;5.770571333E0;3.000000000E0
8.557205484E2;5.230601957E1;4.856689829E0;-4.799477078E0;6.686772732E0;9.179487228E0;5.686736691E0;3.000000000E0
8.567205440E2;5.230607732E1;4.856707884E0;-4.989966618E0;6.200183680E0;1.095577145E1;5.652715217E0;3.000000000E0
8.577205397E2;5.230614207E1;4.856733237E0;-4.106291847E0;5.950461942E0;1.448532295E1;5.641210936E0;3.000000000E0
8.587205355E2;5.230618437E1;4.856767791E0;-4.367521121E0;4.528109213E0;1.615137863E1;5.704411327E0;3.000000000E0
8.597205306E2;5.230623508E1;4.856787729E0;-4.676898499E0;3.616833262E0;1.105237865E1;5.824038582E0;3.000000000E0
8.607205267E2;5.230628983E1;4.856805176E0;-4.496028957E0;3.393514038E0;1.105237865E1;5.944205694E0;3.000000000E0
8.617205222E2;5.230638760E1;4.856748634E0;-2.572320141E0;3.856778707E0;3.385724487E2;6.457312385E0;3.000000000E0
8.627205182E2;5.230643312E1;4.856677043E0;-3.541210900E0;4.134221850E0;3.229458008E2;9.361981308E0;3.000000000E0
8.637205133E2;5.230649488E1;4.856600766E0;-4.010013660E0;5.648647805E0;3.083203125E2;1.082647966E1;3.000000000E0
8.647205093E2;5.230657475E1;4.856560397E0;-3.191777887E0;7.106665847E0;3.401130066E2;1.142464105E1;3.000000000E0
8.657205057E2;5.230665145E1;4.856549311E0;-3.217685297E0;7.934407541E0;3.510908203E2;1.245039770E1;3.000000000E0
8.667205012E2;5.230675178E1;4.856556022E0;-3.204448032E0;8.992393346E0;3.590758057E2;1.265147253E1;3.000000000E0
8.677204967E2;5.230685034E1;4.856560864E0;-3.518053573E0;9.568963783E0;1.359975457E0;1.513755466E1;3.000000000E0
8.687204921E2;5.230694191E1;4.856564532E0;-3.315424648E0;9.589554842E0;1.490857601E0;2.017712887E1;3.000000000E0
8.697204876E2;5.230702449E1;4.856541370E0;-3.200653831E0;9.389982910E0;1.490857601E0;1.912189066E1;3.000000000E0
8.707204834E2;5.230710434E1;4.856571428E0;-3.945008597E0;9.186584687E0;1.490857601E0;1.863973153E1;3.000000000E0
8.717204798E2;5.230719363E1;4.856551344E0;-3.633406783E0;9.252867092E0;1.371183515E0;1.896481112E1;3.000000000E0
8.727204754E2;5.230727418E1;4.856578392E0;-5.363558624E0;9.015592071E0;1.371183515E0;1.542251243E1;3.000000000E0
8.737204709E2;5.230735419E1;4.856581965E0;-4.475018374E0;8.851051540E0;1.543467522E0;1.472639890E1;3.000000000E0
8.747204661E2;5.230741742E1;4.856584150E0;-4.625344842E0;7.735438359E0;1.217013597E0;1.454140360E1;3.252648114E0
8.757204624E2;5.230748145E1;4.856586369E0;-4.091561490E0;7.088190751E0;1.217013597E0;1.444985219E1;3.774453008E0
8.767204579E2;5.230753128E1;4.856588096E0;-4.129458684E0;6.293059616E0;1.217013597E0;1.439667995E1;4.118441743E0
8.777204535E2;5.230759774E1;4.856590400E0;-4.268017621E0;6.011094638E0;1.217013597E0;1.435634408E1;4.487793844E0
8.787204487E2;5.230765033E1;4.856592222E0;-4.300399194E0;5.677803172E0;1.217013597E0;1.433326091E1;4.695210406E0
8.797204449E2;5.230770799E1;4.856594220E0;-3.383358143E0;5.552468175E0;1.217013597E0;1.431644221E1;4.892374454E0
8.807204412E2;5.230775113E1;4.856595715E0;-3.337403209E0;4.951229639E0;1.217013597E0;1.430469426E1;5.084686505E0
8.817204360E2;5.230778663E1;4.856596946E0;-2.652032886E0;4.154720049E0;1.217013597E0;1.429630287E1;5.181075452E0
8.827204317E2;5.230781001E1;4.856597756E0;-3.008695615E0;3.045411772E0;1.217013597E0;1.429000935E1;5.326213357E0
8.837204273E2;5.230784259E1;4.856598885E0;-3.300058773E0;2.738897259E0;1.217013597E0;1.428511436E1;5.490482862E0
8.847204236E2;5.230786110E1;4.856599526E0;-3.705178807E0;2.194240296E0;1.217013597E0;1.387552884E1;5.844652603E0
8.857204190E2;5.230786925E1;4.856553203E0;-4.185204970E0;1.487971655E0;3.542829432E2;1.361437609E1;5.121844230E0
8.867204156E2;5.230787240E1;4.856553584E0;-4.008636639E0;9.834825291E-1;3.529992204E2;1.328804891E1;4.560857291E0
8.877204100E2;5.230787327E1;4.856556287E0;-4.307429129E0;5.989098390E-1;3.553291688E2;1.323603305E1;4.179322570E0
8.887204067E2;5.230787195E1;4.856556486E0;-4.262809798E0;0.000000000E0;3.551565769E2;1.337677480E1;3.903679059E0
8.897204022E2;5.230787195E1;4.856556486E0;-4.262809798E0;0.000000000E0;3.551565769E2;1.343062082E1;3.549551796E0
8.907203977E2;5.230787195E1;4.856556486E0;-4.262809798E0;0.000000000E0;3.551565769E2;1.321241840E1;3.355560100E0
8.917203929E2;5.230787195E1;4.856556486E0;-4.262809798E0;0.000000000E0;3.551565769E2;1.331010431E1;3.440402312E0
8.927203888E2;5.230787195E1;4.856556486E0;-4.262809798E0;0.000000000E0;3.551565769E2;1.345139060E1;4.267598722E0
8.937203851E2;5.230787195E1;4.856556486E0;-4.262809798E0;0.000000000E0;3.551565769E2;1.381788822E1;4.218150241E0
8.947203799E2;5.230794108E1;4.856569990E0;-4.943591820E0;2.673663122E0;1.254374228E0;1.402043119E1;4.084869100E0
8.957203764E2;5.230798127E1;4.856561192E0;-5.304152035E0;3.663070183E0;3.578734381E2;1.404531879E1;4.249090186E0
8.967203720E2;5.230803986E1;4.856558507E0;-3.327666217E0;4.894992537E0;3.592235101E2;1.404531876E1;4.148817665E0
8.977203673E2;5.230810544E1;4.856560403E0;-2.651393545E0;5.922574257E0;1.935634075E0;1.633857471E1;4.676304546E0
8.987203633E2;5.230816833E1;4.856570665E0;-2.823021460E0;6.416024098E0;5.250999334E0;1.609967908E1;4.328588749E0
8.997203593E2;5.230817877E1;4.856702890E0;-3.547191165E0;6.664836753E0;3.765967178E1;1.529033948E1;3.873791940E0
9.007203546E2;5.230824057E1;4.856746574E0;-2.482689315E0;6.505466451E0;2.951885223E1;1.713801598E1;4.054257260E0
9.017203501E2;5.230828114E1;4.856784045E0;-1.899880231E0;5.926464331E0;2.951885223E1;1.697564985E1;3.699789861E0
9.027203465E2;5.230840928E1;4.856654226E0;-3.693373146E0;6.557700901E0;3.483307190E2;1.581947691E1;3.147449076E0
9.037203423E2;5.230851735E1;4.856605078E0;-1.082648296E0;8.445824663E0;1.684352160E0;1.943642501E1;3.631104593E0
9.047203373E2;5.230861112E1;4.856622892E0;-2.271051644E0;9.364431115E0;9.712565541E-1;2.139955732E1;3.730225212E0
9.057203337E2;5.230872386E1;4.856626010E0;-7.761241719E-1;1.045285954E1;9.712565541E-1;1.827505849E1;3.022927936E0
9.067203296E2;5.230882145E1;4.856628708E0;-2.070775233E0;1.076885082E1;9.712565541E-1;1.883042638E1;3.079032093E0
9.077203245E2;5.230892674E1;4.856631620E0;-7.626461480E-1;1.113426737E1;9.712565541E-1;2.161743802E1;3.517771478E0
9.087203200E2;5.230902760E1;4.856634740E0;-1.604855998E0;1.122924055E1;1.175498843E0;1.883365475E1;3.000000000E0
9.097203161E2;5.230912974E1;4.856638159E0;-2.962823940E0;1.132628901E1;1.175498843E0;1.826095789E1;3.000000000E0
9.107203115E2;5.230923703E1;4.856641750E0;-3.027888579E0;1.147893452E1;1.175498843E0;2.100862319E1;3.322847836E0
9.117203078E2;5.230934970E1;4.856645522E0;-2.224213200E0;1.178238955E1;1.175498843E0;1.973370026E1;4.225298212E0
9.127203031E2;5.230945743E1;4.856649128E0;-7.939350074E-1;1.174785919E1;1.175360918E0;1.642868914E1;3.374433426E0
9.137202992E2;5.230957045E1;4.856627178E0;5.582225975E-1;1.198720266E1;1.175360918E0;1.481784207E1;3.000000000E0
9.147202945E2;5.230970735E1;4.856678837E0;2.954430552E-1;1.287933244E1;1.175360918E0;1.450406895E1;3.097189084E0
9.157202899E2;5.230984351E1;4.856675541E0;1.051931242E-1;1.326521661E1;9.382663369E-1;1.436595272E1;3.598745080E0
9.167202857E2;5.230997792E1;4.856670903E0;2.392990791E0;1.337849425E1;9.382663369E-1;1.430327597E1;3.496718733E0
9.177202811E2;5.231010431E1;4.856668699E0;2.764222870E0;1.354402319E1;9.382663369E-1;1.427202224E1;3.566887522E0
9.187202770E2;5.231021324E1;4.856679970E0;-1.624958711E-1;1.332625429E1;9.382663369E-1;1.425909806E1;3.105869319E0
9.197202731E2;5.231032742E1;4.856680499E0;-5.412261235E-1;1.319389871E1;9.382663369E-1;1.870007800E1;3.328062407E0
9.207202685E2;5.231043480E1;4.856686538E0;-1.873451381E0;1.279564481E1;1.143487930E0;1.828606830E1;3.000000000E0
9.217202646E2;5.231054121E1;4.856689897E0;-2.802332811E0;1.226040426E1;1.143487930E0;1.263149301E1;3.000000000E0
9.227202601E2;5.231065167E1;4.856673008E0;-1.129244129E0;1.209506810E1;1.143487930E0;9.516360522E0;3.000000000E0
9.237202553E2;5.231077054E1;4.856662677E0;4.881226504E-1;1.214907359E1;1.143487930E0;8.764604181E0;3.000000000E0
9.247202517E2;5.231087043E1;4.856700341E0;1.510934412E0;1.170141469E1;1.143487930E0;6.649818377E0;3.000000000E0
9.257202470E2;5.231095214E1;4.856695636E0;-7.031417461E-1;1.044467158E1;1.143487930E0;6.309504140E0;3.000000000E0
9.267202430E2;5.231102179E1;4.856710934E0;-3.234764395E0;9.045598826E0;1.427705765E0;6.692053489E0;3.000000000E0
9.277202382E2;5.231109296E1;4.856707332E0;-2.273768907E0;8.012974442E0;1.427705765E0;6.536003669E0;3.000000000E0
9.287202337E2;5.231113500E1;4.856707142E0;-4.367568589E0;6.340922911E0;1.195002794E0;6.407522937E0;3.000000000E0
9.297202301E2;5.231119499E1;4.856724061E0;-3.573394731E0;5.847441082E0;1.195002794E0;6.660670720E0;3.000000000E0
9.307202268E2;5.231123385E1;4.856736104E0;-3.617945743E0;4.730935657E0;1.195002794E0;6.854341470E0;3.000000000E0
9.317202209E2;5.231126032E1;4.856749485E0;-3.431842471E0;3.582126207E0;1.195002794E0;7.030562142E0;3.000000000E0
9.327202168E2;5.231127829E1;4.856753219E0;-3.036774152E0;2.531878931E0;1.195002794E0;7.400722534E0;3.000000000E0
9.337202135E2;5.231128888E1;4.856754688E0;-3.110658596E0;1.376218873E0;1.195002794E0;7.688090854E0;3.000000000E0
9.347202082E2;5.231128547E1;4.856732764E0;-3.145839982E0;3.938832072E-1;1.195002794E0;7.517210958E0;3.000000000E0
9.357202040E2;5.231127938E1;4.856754058E0;-3.434191123E0;1.079171115E-1;1.195002794E0;7.485693061E0;3.000000000E0
9.367201998E2;5.231128273E1;4.856739494E0;-3.364823349E0;2.634345009E-1;1.195002794E0;7.448844994E0;3.000000000E0
9.377201957E2;5.231128776E1;4.856754230E0;-3.188701693E0;3.225650541E-1;1.195002794E0;7.414360639E0;3.000000000E0
9.387201914E2;5.231129167E1;4.856744997E0;-3.116323313E0;3.572681815E-1;1.195002794E0;7.243686910E0;3.000000000E0
9.397201869E2;5.231129172E1;4.856734272E0;-3.028860000E0;0.000000000E0;1.195002794E0;7.105335567E0;3.000000000E0
9.407201829E2;5.231128699E1;4.856732158E0;-2.867984737E0;6.456939750E-2;1.195002794E0;6.960591098E0;3.000000000E0
9.417201780E2;5.231127936E1;4.856727398E0;-3.058913970E0;4.034451163E-2;1.195002794E0;6.795250840E0;3.000000000E0
9.427201743E2;5.231128308E1;4.856726737E0;-3.047489889E0;7.161989982E-2;1.195002794E0;6.586222287E0;3.000000000E0
9.437201697E2;5.231128015E1;4.856717878E0;-3.023448877E0;0.000000000E0;1.195002794E0;6.462079553E0;3.000000000E0
9.447201655E2;5.231127885E1;4.856710895E0;-2.916121501E0;6.839918764E-2;1.195002794E0;6.346357698E0;3.000000000E0
9.457201608E2;5.231127858E1;4.856710849E0;-2.913335691E0;0.000000000E0;1.195002794E0;6.325844216E0;3.000000000E0
9.467201566E2;5.231127889E1;4.856710494E0;-2.845979575E0;7.594647987E-2;1.195002794E0;6.288293339E0;3.000000000E0
9.477201524E2;5.231128105E1;4.856712390E0;-2.856603155E0;0.000000000E0;1.195002794E0;6.183670916E0;3.000000000E0
9.487201475E2;5.231127962E1;4.856716901E0;-2.805940899E0;0.000000000E0;1.195002794E0;6.064399200E0;3.000000000E0
9.497201434E2;5.231128535E1;4.856716466E0;-2.836874274E0;1.241599225E-1;1.195002794E0;5.927133520E0;3.000000000E0
9.507201396E2;5.231128473E1;4.856717075E0;-2.838034676E0;0.000000000E0;1.195002794E0;5.954823755E0;3.000000000E0
9.517201347E2;5.231128108E1;4.856719105E0;-2.913010131E0;0.000000000E0;1.195002794E0;5.911574222E0;3.000000000E0
9.527201304E2;5.231128500E1;4.856718882E0;-2.879814424E0;9.029507856E-2;1.195002794E0;5.890975356E0;3.000000000E0
9.537201267E2;5.231128458E1;4.856719693E0;-2.848690744E0;0.000000000E0;1.195002794E0;5.905222752E0;3.000000000E0
9.547201220E2;5.231128669E1;4.856723866E0;-2.657028097E0;0.000000000E0;1.195002794E0;5.878553799E0;3.000000000E0
9.557201180E2;5.231128538E1;4.856720006E0;-2.643601806E0;6.474535011E-2;1.195002794E0;5.877002182E0;3.000000000E0
9.567201140E2;5.231128479E1;4.856720363E0;-2.639986484E0;0.000000000E0;1.195002794E0;5.864742069E0;3.000000000E0
9.577201098E2;5.231128823E1;4.856728911E0;-2.741240089E0;9.848875216E-2;1.195002794E0;5.840505028E0;3.000000000E0
9.587201055E2;5.231129063E1;4.856733438E0;-2.542703167E0;1.225801716E-1;1.195002794E0;5.876360939E0;3.000000000E0
9.597201006E2;5.231128977E1;4.856735074E0;-2.529687251E0;0.000000000E0;1.195002794E0;5.864885963E0;3.000000000E0
9.607200972E2;5.231128816E1;4.856731355E0;-2.697903663E0;1.165340469E-1;1.195002794E0;5.892514499E0;3.000000000E0
9.617200927E2;5.231129168E1;4.856735988E0;-2.979832888E0;9.443091738E-1;1.195002794E0;5.881536783E0;3.000000000E0
9.627200876E2;5.231131408E1;4.856733381E0;-3.424092490E0;2.310608108E0;1.195002794E0;5.817342509E0;3.000000000E0
9.637200835E2;5.231135244E1;4.856730300E0;-3.423018081E0;3.677658728E0;1.195002794E0;5.834423023E0;3.000000000E0
9.647200789E2;5.231140071E1;4.856728113E0;-2.858455527E0;4.779830465E0;1.195002794E0;5.696876940E0;3.000000000E0
9.657200748E2;5.231145382E1;4.856724104E0;-2.550172915E0;5.636885784E0;1.195002794E0;5.703262797E0;3.000000000E0
9.667200710E2;5.231151151E1;4.856708727E0;-2.542673113E0;6.435751059E0;1.169392467E0;5.777365850E0;3.000000000E0
9.677200663E2;5.231157173E1;4.856702366E0;-2.578500327E0;7.118469050E0;1.169392467E0;5.854270417E0;3.000000000E0
9.687200618E2;5.231164485E1;4.856718388E0;-2.027048709E0;7.723297440E0;1.169392467E0;5.840107429E0;3.000000000E0
9.697200572E2;5.231172490E1;4.856721054E0;-3.109863534E0;8.444028137E0;1.169392467E0;5.754490691E0;3.000000000E0
9.707200533E2;5.231180963E1;4.856723875E0;-2.737498376E0;9.030838037E0;1.169392467E0;5.565238268E0;3.000000000E0
9.717200484E2;5.231189506E1;4.856738591E0;-2.470359902E0;9.516009466E0;1.169392467E0;4.742954519E0;3.000000000E0
9.727200444E2;5.231198922E1;4.856743937E0;-2.453475542E0;9.882419508E0;1.133790851E0;5.023652229E0;3.000000000E0
9.737200400E2;5.231208380E1;4.856746367E0;-2.695628535E0;1.005065929E1;1.133790851E0;4.554417447E0;3.000000000E0
9.747200366E2;5.231217563E1;4.856750339E0;-2.291632852E0;1.005973971E1;1.169710279E0;4.519295946E0;3.000000000E0
9.757200320E2;5.231227311E1;4.856753139E0;-2.275048926E0;1.020581892E1;1.169710279E0;4.665050360E0;3.000000000E0
9.767200277E2;5.231237177E1;4.856754337E0;-1.696699473E0;1.027813977E1;1.061684608E0;5.368906786E0;3.000000000E0
9.777200236E2;5.231246839E1;4.856748418E0;-1.392257296E0;1.021700414E1;1.061684608E0;4.735943924E0;3.000000000E0
9.787200185E2;5.231255182E1;4.856754395E0;-1.697188540E0;9.693162541E0;1.065641841E0;4.745570955E0;3.000000000E0
9.797200146E2;5.231263618E1;4.856765985E0;-1.556249144E0;9.265401091E0;1.938817893E0;5.065385668E0;3.000000000E0
9.807200103E2;5.231271026E1;4.856759896E0;-1.325371301E0;8.415004152E0;1.159130272E0;5.292871519E0;3.000000000E0
9.817200058E2;5.231277428E1;4.856759435E0;-1.398090162E0;7.366174398E0;9.273846016E-1;5.028856760E0;3.000000000E0
9.827200021E2;5.231282737E1;4.856761381E0;-1.352391666E0;6.237710053E0;9.842070204E-1;5.183268321E0;3.000000000E0
9.837199970E2;5.231286587E1;4.856761851E0;-1.571592034E0;4.786450068E0;1.053279261E0;5.499440586E0;3.000000000E0
9.847199926E2;5.231289754E1;4.856766203E0;-1.700702938E0;3.689668471E0;1.706793445E0;5.699904218E0;3.000000000E0
9.857199894E2;5.231292324E1;4.856766310E0;-1.962686766E0;2.867917679E0;1.679922781E0;5.749254367E0;3.000000000E0
9.867199845E2;5.231293572E1;4.856768384E0;-2.078821076E0;1.934172486E0;2.132586046E0;5.779038889E0;3.000000000E0
9.877199804E2;5.231294909E1;4.856771915E0;-2.253054195E0;1.144745346E0;2.674185823E0;5.804569823E0;3.000000000E0
9.887199765E2;5.231295490E1;4.856770493E0;-2.604032562E0;8.091026323E-1;2.674184646E0;5.989926943E0;3.000000000E0
9.897199719E2;5.231296051E1;4.856760573E0;-2.660852688E0;5.687772977E-1;2.674176504E0;5.924831677E0;3.000000000E0
9.907199672E2;5.231296732E1;4.856755539E0;-3.036746188E0;6.560088636E-1;2.674172365E0;5.880892760E0;3.000000000E0
9.917199637E2;5.231298194E1;4.856748496E0;-3.588394411E0;1.694640796E0;2.674166562E0;5.919291782E0;3.000000000E0
9.927199587E2;5.231301538E1;4.856738915E0;-3.730180827E0;3.137874567E0;3.596187845E2;5.817544082E0;3.000000000E0
9.937199543E2;5.231306066E1;4.856738989E0;-3.006802339E0;4.407097870E0;1.147613883E0;5.882389468E0;3.000000000E0
9.947199500E2;5.231310975E1;4.856765855E0;-2.843871107E0;5.299682734E0;1.111458421E0;5.945495993E0;3.000000000E0
9.957199461E2;5.231315908E1;4.856780753E0;-2.370004571E0;5.913443191E0;1.111458421E0;4.490779817E0;3.000000000E0
9.967199414E2;5.231321861E1;4.856784767E0;-2.183104210E0;6.513941666E0;1.111458421E0;4.688117766E0;3.000000000E0
9.977199367E2;5.231327973E1;4.856789269E0;-1.961654750E0;6.988685729E0;9.441489577E-1;4.952827151E0;3.000000000E0
9.987199335E2;5.231334456E1;4.856794303E0;-1.751652081E0;7.394968453E0;1.319517851E0;5.076831230E0;3.000000000E0
9.997199287E2;5.231341796E1;4.856799433E0;-1.713756070E0;7.885419983E0;1.319517851E0;5.049091114E0;3.000000000E0
1.000719925E3;5.231348998E1;4.856802775E0;-1.380569892E0;8.160614797E0;1.319517851E0;5.387351347E0;3.000000000E0
1.001719921E3;5.231355797E1;4.856803362E0;-4.814138273E-1;8.234624171E0;1.051811218E0;5.740854293E0;3.000000000E0
1.002719916E3;5.231364237E1;4.856800884E0;-5.557036381E-1;8.768491610E0;1.377921700E0;6.071734758E0;3.000000000E0
1.003719911E3;5.231374179E1;4.856797586E0;2.543109218E-1;9.464945661E0;1.377921700E0;5.981937609E0;3.000000000E0
1.004719907E3;5.231383990E1;4.856798989E0;1.357971739E0;9.960517430E0;2.295574665E0;6.040717179E0;3.000000000E0
1.005719903E3;5.231393845E1;4.856800788E0;5.064325742E-1;1.040753049E1;2.295574665E0;6.178020455E0;3.000000000E0
1.006719899E3;5.231404416E1;4.856802591E0;7.395913024E-1;1.073883046E1;2.295574665E0;6.271764253E0;3.000000000E0
1.007719895E3;5.231414045E1;4.856802420E0;-6.858793171E-1;1.091449207E1;2.295574665E0;6.516982229E0;3.000000000E0
1.008719890E3;5.231423819E1;4.856801471E0;-5.567251835E-1;1.092146505E1;2.295574665E0;6.862919347E0;3.000000000E0
1.009719885E3;5.231433900E1;4.856806674E0;-1.379461196E0;1.094312745E1;2.295574665E0;7.153529054E0;3.000000000E0
1.010719881E3;5.231442975E1;4.856845892E0;-3.277778305E0;1.074363765E1;2.319994688E0;5.567918355E0;3.000000000E0
1.011719877E3;5.231452468E1;4.856851405E0;-9.662000611E-1;1.041583642E1;2.319745541E0;5.738243058E0;3.000000000E0
1.012719872E3;5.231461521E1;4.856856610E0;-1.391158885E0;1.009429270E1;2.319745541E0;5.978664754E0;3.000000000E0
1.013719869E3;5.231470941E1;4.856861835E0;-1.615628120E0;9.788670409E0;2.319745541E0;6.086935052E0;3.000000000E0
1.014719865E3;5.231480126E1;4.856866756E0;-1.779781823E0;9.319946753E0;2.319745541E0;5.791904356E0;3.000000000E0
1.015719860E3;5.231487934E1;4.856871979E0;-2.718266564E0;8.606638384E0;2.319745541E0;5.680084272E0;3.000000000E0
1.016719855E3;5.231495297E1;4.856877345E0;-2.668534689E0;7.878327510E0;2.152125597E0;5.602765364E0;3.000000000E0
1.017719851E3;5.231501517E1;4.856877890E0;-3.112071406E0;7.154999803E0;2.152125597E0;5.566059459E0;3.000000000E0
1.018719847E3;5.231507135E1;4.856872468E0;-2.872748263E0;6.803898292E0;2.152125597E0;5.527667047E0;3.000000000E0
1.019719842E3;5.231513436E1;4.856861949E0;-2.445061337E0;6.693775956E0;3.577502136E2;5.488521449E0;3.000000000E0
1.020719838E3;5.231520518E1;4.856848941E0;-2.685341205E0;6.677026794E0;3.557179871E2;5.730835487E0;3.000000000E0
1.021719834E3;5.231527197E1;4.856835954E0;-2.689328443E0;6.658212689E0;3.568887024E2;6.823036889E0;3.000000000E0
1.022719830E3;5.231533832E1;4.856841403E0;-2.774552812E0;6.851188179E0;0.000000000E0;6.389411740E0;3.000000000E0
1.023719825E3;5.231540281E1;4.856926724E0;-2.704647197E0;7.250330065E0;1.085814571E1;7.172775700E0;3.000000000E0
1.024719822E3;5.231547551E1;4.856941975E0;-3.009022486E0;7.572056591E0;3.257117033E0;6.473870844E0;3.000000000E0
1.025719817E3;5.231555496E1;4.856920410E0;-3.229338547E0;8.151250607E0;3.532111511E2;6.151060805E0;3.000000000E0
1.026719813E3;5.231561653E1;4.856908937E0;-3.298043555E0;8.596028826E0;1.489756393E1;6.462875222E0;3.000000000E0
1.027719808E3;5.231569127E1;4.856941202E0;-3.630904354E0;8.832876437E0;1.475803566E1;6.800842395E0;3.000000000E0
1.028719804E3;5.231577187E1;4.856975907E0;-3.531491411E0;8.804116068E0;1.373049068E1;7.274156871E0;3.000000000E0
1.029719800E3;5.231584957E1;4.857005470E0;-3.419442723E0;8.493127568E0;1.065322399E1;7.553105865E0;3.000000000E0
1.030719795E3;5.231591998E1;4.857020382E0;-3.257566400E0;7.934407629E0;5.355964661E0;7.869404433E0;3.000000000E0
1.031719791E3;5.231598488E1;4.857030654E0;-3.265702569E0;7.139304861E0;5.962522030E0;8.288882271E0;3.000000000E0
1.032719787E3;5.231604461E1;4.857039813E0;-3.604937747E0;6.239100670E0;5.227959156E0;8.490192341E0;3.000000000E0
1.033719782E3;5.231610090E1;4.857048215E0;-3.232719786E0;4.966188275E0;5.227959156E0;8.192521049E0;3.000000000E0
1.034719778E3;5.231613392E1;4.857053148E0;-3.668967451E0;3.485882785E0;5.255675316E0;8.136949244E0;3.000000000E0
1.035719774E3;5.231615060E1;4.857055652E0;-3.706397199E0;2.118229683E0;5.255675316E0;8.163869519E0;3.000000000E0
1.036719769E3;5.231616179E1;4.857057331E0;-3.702568564E0;8.653660109E-1;5.255675316E0;7.991037955E0;3.000000000E0
1.037719765E3;5.231617122E1;4.857058747E0;-3.888217124E0;2.353571176E-1;5.255675316E0;7.723684676E0;3.000000000E0
1.038719761E3;5.231617647E1;4.857059534E0;-4.063308864E0;2.065133429E-1;5.255675316E0;7.323079144E0;3.000000000E0
1.039719757E3;5.231618579E1;4.857060933E0;-3.953834215E0;2.044717725E-1;5.255675316E0;1.267354142E1;3.000000000E0
1.040719753E3;5.231618702E1;4.857061085E0;-3.813883078E0;2.066509136E-1;4.732494831E0;1.437308896E1;3.000000000E0
1.041719748E3;5.231619370E1;4.857061987E0;-3.552406058E0;1.863585013E-1;4.732494831E0;1.572059707E1;3.000000000E0
1.042719744E3;5.231619341E1;4.857061948E0;-3.446265856E0;0.000000000E0;4.732494831E0;1.664589779E1;3.000000000E0
1.043719740E3;5.231619192E1;4.857061747E0;-3.326086631E0;1.179308216E-1;4.732494831E0;1.731527732E1;3.000000000E0
1.044719735E3;5.231619282E1;4.857061868E0;-3.213829732E0;9.879780824E-2;4.732494831E0;1.799806774E1;3.000000000E0
1.045719730E3;5.231619018E1;4.857061512E0;-3.080664803E0;9.241077415E-2;4.732494831E0;1.894473163E1;3.000000000E0
1.046719726E3;5.231619456E1;4.857062104E0;-3.300251306E0;1.447066258E-1;4.732494831E0;1.973427727E1;3.000000000E0
1.047719722E3;5.231619418E1;4.857062052E0;-2.908958420E0;1.233362992E-1;4.732494831E0;2.076433668E1;3.000000000E0
1.048719718E3;5.231619637E1;4.857062349E0;-2.814602771E0;1.087335465E-1;4.732494831E0;2.112582367E1;3.000000000E0
1.049719713E3;5.231619606E1;4.857062306E0;-2.806762407E0;0.000000000E0;4.732494831E0;2.114664831E1;3.000000000E0
1.050719709E3;5.231619606E1;4.857062306E0;-2.806762407E0;0.000000000E0;4.732494831E0;2.114664674E1;3.000000000E0
1.051719705E3;5.231619606E1;4.857062306E0;-2.806762407E0;0.000000000E0;4.732494831E0;2.114664674E1;3.000000000E0
1.052719700E3;5.231619606E1;4.857062306E0;-2.806762407E0;0.000000000E0;4.732494831E0;2.114664674E1;3.000000000E0
1.053719697E3;5.231619606E1;4.857062306E0;-2.806762407E0;0.000000000E0;4.732494831E0;2.114664674E1;3.000000000E0
1.054719692E3;5.231619606E1;4.857062306E0;-2.806762407E0;0.000000000E0;4.732494831E0;2.114664674E1;3.000000000E0
1.055719687E3;5.231619606E1;4.857062306E0;-2.806762407E0;0.000000000E0;4.732494831E0;2.114664674E1;3.000000000E0
1.056719683E3;5.231619606E1;4.857062306E0;-2.806762407E0;0.000000000E0;4.732494831E0;2.114664674E1;3.000000000E0
1.057719679E3;5.231619606E1;4.857062306E0;-2.806762407E0;0.000000000E0;4.732494831E0;2.114664674E1;3.000000000E0
1.058719675E3;5.231619606E1;4.857062306E0;-2.806762407E0;0.000000000E0;4.732494831E0;2.114664674E1;3.000000000E0
1.059719671E3;5.231619131E1;4.857061664E0;-2.548654442E0;3.788515261E-1;4.732494831E0;2.218500019E1;3.000000000E0
1.060719666E3;5.231620519E1;4.857063539E0;-2.497476177E0;0.000000000E0;4.732494831E0;2.188984380E1;3.000000000E0
1.061719662E3;5.231620519E1;4.857063539E0;-2.497476177E0;0.000000000E0;4.732494831E0;2.188984547E1;3.000000000E0
1.062719658E3;5.231620519E1;4.857063539E0;-2.497476177E0;0.000000000E0;4.732494831E0;2.188984547E1;3.000000000E0
1.063719653E3;5.231620519E1;4.857063539E0;-2.497476177E0;0.000000000E0;4.732494831E0;2.188984462E1;3.000000000E0
1.064719648E3;5.231626850E1;4.857072091E0;-1.638730745E0;1.597356830E0;4.732494831E0;2.245740618E1;3.000000000E0
1.065719645E3;5.231628159E1;4.857073859E0;-2.841454770E0;1.509688543E0;4.732494831E0;2.312628800E1;3.000000000E0
1.066719640E3;5.231629745E1;4.857076013E0;-3.519811481E0;1.818821023E0;4.761195183E0;2.342611491E1;3.000000000E0
1.067719637E3;5.231632731E1;4.857080071E0;-2.616155909E0;2.558785309E0;4.761195183E0;2.325183579E1;3.000000000E0
1.068719632E3;5.231636777E1;4.857085570E0;-1.793498795E0;3.168309701E0;4.761195183E0;1.496832560E1;3.000000000E0
1.069719627E3;5.231644058E1;4.857095464E0;-1.624699543E0;4.538517106E0;4.761195183E0;1.557281707E1;3.000000000E0
1.070719623E3;5.231649776E1;4.857103236E0;-1.534972357E0;5.068016117E0;4.761195183E0;1.614861379E1;3.000000000E0
1.071719619E3;5.231656771E1;4.857113509E0;-1.910951896E0;5.695455243E0;5.112034798E0;1.660867929E1;3.000000000E0
1.072719614E3;5.231663966E1;4.857110773E0;-1.048076318E0;6.407705114E0;4.526876926E0;2.325998558E1;4.631042586E0
1.073719610E3;5.231672968E1;4.857138165E0;-6.482259221E-1;7.225573943E0;2.288856268E0;3.053850327E1;5.790528879E0
1.074719606E3;5.231681767E1;4.857155434E0;-3.776053069E-1;7.860978006E0;2.368554592E0;2.975139992E1;5.861966794E0
1.075719601E3;5.231692356E1;4.857160073E0;-1.811093618E0;8.943533509E0;2.368554592E0;2.620746796E1;5.187715558E0
1.076719597E3;5.231702990E1;4.857159693E0;-6.498071039E-1;9.731094887E0;2.368554592E0;2.643225337E1;5.284785001E0
1.077719592E3;5.231713498E1;4.857163528E0;-8.036432033E-1;1.035723286E1;2.499889135E0;2.323771719E1;4.647130013E0
1.078719589E3;5.231724445E1;4.857157045E0;-8.392511094E-1;1.094048340E1;2.499889135E0;2.147361412E1;4.197500182E0
1.079719584E3;5.231734885E1;4.857159475E0;-8.623851193E-1;1.113442383E1;2.499889135E0;2.283666077E1;4.238250310E0
1.080719580E3;5.231744289E1;4.857173332E0;-1.876876446E0;1.096526276E1;2.940093517E0;2.207760423E1;3.856615219E0
1.081719576E3;5.231755148E1;4.857166159E0;-1.423451263E0;1.117888984E1;3.525768518E0;2.120415933E1;3.533104581E0
1.082719572E3;5.231767046E1;4.857178809E0;-9.226497086E-1;1.173312164E1;3.303731918E0;1.993533510E1;3.344339607E0
1.083719567E3;5.231780083E1;4.857191089E0;-1.378626935E-2;1.221498712E1;3.303731918E0;2.062489262E1;3.537193353E0
1.084719563E3;5.231791830E1;4.857202153E0;-2.130941854E0;1.250211002E1;3.303731918E0;2.611543792E1;4.544994174E0
1.085719559E3;5.231804059E1;4.857213832E0;-3.280398929E0;1.259106230E1;3.387785912E0;3.032874509E1;5.188069579E0
1.086719554E3;5.231815134E1;4.857264658E0;-2.105834930E0;1.261573079E1;3.387785912E0;1.798167321E1;3.438023185E0
1.087719550E3;5.231826856E1;4.857278310E0;-1.971590959E0;1.256302181E1;3.117172956E0;1.072635384E1;3.000000000E0
1.088719546E3;5.231839109E1;4.857268464E0;-4.876763597E0;1.255675746E1;3.117172956E0;8.732011046E0;3.000000000E0
1.089719541E3;5.231850483E1;4.857275493E0;-5.161524572E0;1.237051324E1;3.555764198E0;7.278908284E0;3.000000000E0
1.090719537E3;5.231864052E1;4.857292589E0;-2.608196378E0;1.300264441E1;3.555764198E0;6.785438369E0;3.000000000E0
1.091719533E3;5.231876485E1;4.857306200E0;-3.073133670E0;1.305471838E1;3.193717480E0;7.173782477E0;3.000000000E0
1.092719529E3;5.231888822E1;4.857313587E0;-4.423441663E-1;1.312835332E1;3.184616327E0;7.701987114E0;3.000000000E0
1.093719525E3;5.231901691E1;4.857319207E0;9.935710281E-1;1.333042783E1;3.526604652E0;8.082773802E0;3.000000000E0
1.094719520E3;5.231914566E1;4.857333094E0;1.621221207E0;1.352862046E1;2.852476597E0;8.020077239E0;3.000000000E0
1.095719515E3;5.231926736E1;4.857326560E0;2.501728444E0;1.360946080E1;3.014127493E0;8.364155598E0;3.000000000E0
1.096719512E3;5.231936155E1;4.857338932E0;2.350859644E0;1.270190091E1;3.014127493E0;7.892560260E0;3.000000000E0
1.097719507E3;5.231947058E1;4.857329351E0;1.442588615E0;1.238620873E1;3.013754368E0;8.237267026E0;3.000000000E0
1.098719503E3;5.231957453E1;4.857384078E0;1.666930364E0;1.217792419E1;3.222132921E0;6.974002350E0;3.000000000E0
1.099719498E3;5.231969232E1;4.857388630E0;9.602113822E-1;1.221666603E1;3.222132921E0;7.101676057E0;3.000000000E0
1.100719494E3;5.231979811E1;4.857391865E0;1.042568164E0;1.172141082E1;3.120587111E0;7.274682902E0;3.000000000E0
1.101719489E3;5.231990933E1;4.857387911E0;1.129121834E0;1.139003079E1;2.768136740E0;7.304048923E0;3.000000000E0
1.102719486E3;5.232003112E1;4.857387259E0;-4.507347587E-1;1.134349017E1;2.768136740E0;7.129566807E0;3.000000000E0
1.103719481E3;5.232014537E1;4.857392572E0;-4.438223327E-1;1.139034224E1;2.983044386E0;7.175345928E0;3.000000000E0
1.104719477E3;5.232025688E1;4.857392028E0;-1.400105867E0;1.137132993E1;2.644101620E0;7.081026042E0;3.000000000E0
1.105719472E3;5.232034881E1;4.857447188E0;-1.209661046E0;1.109671756E1;3.216472149E0;6.302412775E0;3.000000000E0
1.106719468E3;5.232045951E1;4.857443426E0;-1.009206676E0;1.124716693E1;3.177118540E0;6.399364485E0;3.000000000E0
1.107719464E3;5.232056040E1;4.857434616E0;-1.329181618E0;1.129182030E1;3.177118540E0;6.416766568E0;3.000000000E0
1.108719459E3;5.232067136E1;4.857434043E0;-1.606367696E0;1.145927514E1;2.148264885E0;6.241687183E0;3.000000000E0
1.109719456E3;5.232077663E1;4.857455457E0;-1.329895797E0;1.165262423E1;2.148264885E0;6.386257149E0;3.000000000E0
1.110719451E3;5.232087965E1;4.857465462E0;-1.296716872E0;1.156658287E1;1.800797462E0;6.550713703E0;3.000000000E0
1.111719446E3;5.232099431E1;4.857461821E0;-2.128913121E0;1.160629535E1;2.864465952E0;6.830421148E0;3.000000000E0
1.112719442E3;5.232110948E1;4.857480109E0;-1.818768150E0;1.167673202E1;2.946427822E0;7.093401447E0;3.000000000E0
1.113719438E3;5.232120559E1;4.857511138E0;-1.693047823E0;1.130205531E1;2.624128580E0;7.145924536E0;3.000000000E0
1.114719434E3;5.232131161E1;4.857517809E0;-1.585068040E0;1.097371751E1;1.966130137E0;6.619781060E0;3.000000000E0
1.115719430E3;5.232142255E1;4.857523500E0;-1.785679701E0;1.079828330E1;1.966130137E0;6.324986876E0;3.000000000E0
1.116719425E3;5.232153231E1;4.857526409E0;-1.541486962E0;1.053965936E1;4.035202026E0;6.154440111E0;3.000000000E0
1.117719421E3;5.232164074E1;4.857527797E0;-1.472752437E0;1.021311229E1;7.923267841E0;5.938386591E0;3.000000000E0
1.118719417E3;5.232172579E1;4.857529161E0;-1.424066784E0;9.317087631E0;4.614258766E0;5.976557556E0;3.000000000E0
1.119719412E3;5.232179849E1;4.857529842E0;-1.661011707E0;8.262227108E0;1.013173580E0;6.162489929E0;3.000000000E0
1.120719408E3;5.232185467E1;4.857557214E0;-1.656314047E0;7.074525582E0;1.013173580E0;6.305252274E0;3.000000000E0
1.121719404E3;5.232190983E1;4.857536777E0;-2.124519548E0;6.077696247E0;1.013173580E0;6.535444215E0;3.000000000E0
1.122719400E3;5.232195833E1;4.857558711E0;-1.937468822E0;5.279216446E0;3.590914917E2;6.770497171E0;3.000000000E0
1.123719395E3;5.232199631E1;4.857557728E0;-2.279489110E0;4.369140250E0;3.590914917E2;6.905532412E0;3.000000000E0
1.124719391E3;5.232204161E1;4.857591214E0;-1.647879634E0;3.778719673E0;3.575906372E2;5.581213129E0;3.000000000E0
1.125719386E3;5.232206778E1;4.857593986E0;-1.762700224E0;2.742307812E0;3.575906372E2;5.484007583E0;3.000000000E0
1.126719382E3;5.232208583E1;4.857591782E0;-1.870130512E0;1.780794203E0;3.575906372E2;5.450568472E0;3.000000000E0
1.127719378E3;5.232208799E1;4.857587071E0;-2.109858848E0;6.573955690E-1;3.575906372E2;5.643016262E0;3.000000000E0
1.128719374E3;5.232209013E1;4.857578794E0;-2.152048049E0;6.533378528E-2;3.575906372E2;5.648297674E0;3.000000000E0
1.129719369E3;5.232208668E1;4.857571238E0;-2.653999070E0;1.063760571E-1;3.575906372E2;5.694097162E0;3.000000000E0
1.130719364E3;5.232208645E1;4.857560527E0;-1.933477610E0;8.495869883E-2;3.575906372E2;5.800961499E0;3.000000000E0
1.131719361E3;5.232209146E1;4.857550965E0;-1.789423984E0;1.289691913E-1;3.575906372E2;5.914503542E0;3.000000000E0
1.132719357E3;5.232210025E1;4.857537289E0;-1.831863620E0;2.098642591E-1;3.575906372E2;5.837832705E0;3.000000000E0
1.133719352E3;5.232210168E1;4.857529938E0;-1.905339602E0;2.164355669E-1;3.575906372E2;5.914339761E0;3.000000000E0
1.134719347E3;5.232210082E1;4.857528815E0;-1.908327227E0;0.000000000E0;3.575906372E2;5.988190261E0;3.000000000E0
1.135719344E3;5.232210082E1;4.857528815E0;-1.908327227E0;0.000000000E0;3.575906372E2;6.222827169E0;3.000000000E0
1.136719339E3;5.232210082E1;4.857528815E0;-1.908327227E0;0.000000000E0;3.575906372E2;6.588250273E0;3.000000000E0
1.137719335E3;5.232210506E1;4.857550765E0;-2.016192520E0;2.966423390E-1;3.575906372E2;6.402794023E0;3.000000000E0
1.138719331E3;5.232211703E1;4.857549943E0;-2.008022197E0;3.958246543E-1;3.575906372E2;6.259450659E0;3.000000000E0
1.139719326E3;5.232211857E1;4.857549837E0;-2.038505824E0;4.100244847E-1;3.575906372E2;6.417643939E0;3.000000000E0
1.140719323E3;5.232211668E1;4.857549966E0;-2.039507529E0;3.440870537E-1;3.575906372E2;6.428179172E0;3.000000000E0
1.141719318E3;5.232211816E1;4.857549865E0;-2.146350991E0;0.000000000E0;3.575906372E2;6.374645998E0;3.000000000E0
1.142719313E3;5.232212174E1;4.857549619E0;-2.312788659E0;2.554202597E-1;3.575906372E2;6.376104380E0;3.000000000E0
1.143719309E3;5.232212111E1;4.857549662E0;-2.318466268E0;0.000000000E0;3.575906372E2;6.364434234E0;3.000000000E0
1.144719305E3;5.232211997E1;4.857549741E0;-2.172936065E0;1.270279778E-1;3.575906372E2;6.298850702E0;3.000000000E0
1.145719300E3;5.232211699E1;4.857549945E0;-2.174377984E0;0.000000000E0;3.575906372E2;6.292800176E0;3.000000000E0
1.146719297E3;5.232211699E1;4.857549945E0;-2.174377984E0;0.000000000E0;3.575906372E2;9.854438804E0;3.000000000E0
1.147719292E3;5.232211699E1;4.857549945E0;-2.174377984E0;0.000000000E0;3.575906372E2;9.854438804E0;3.000000000E0
1.148719288E3;5.232212025E1;4.857549721E0;-2.362861826E0;4.696281055E-2;3.575906372E2;1.094145373E1;3.000000000E0
1.149719283E3;5.232211129E1;4.857550337E0;-2.334907147E0;4.999651248E-2;3.575906372E2;1.188650173E1;3.000000000E0
1.150719278E3;5.232211071E1;4.857550376E0;-2.281996982E0;2.960364352E-2;3.575906372E2;1.292408439E1;3.000000000E0
1.151719275E3;5.232211050E1;4.857550391E0;-2.288678905E0;0.000000000E0;3.575906372E2;1.293918380E1;3.000000000E0
1.152719271E3;5.232211050E1;4.857550391E0;-2.288678905E0;0.000000000E0;3.575906372E2;1.293918432E1;3.000000000E0
1.153719266E3;5.232211050E1;4.857550391E0;-2.288678905E0;0.000000000E0;3.575906372E2;1.293918432E1;3.000000000E0
1.154719262E3;5.232211050E1;4.857550391E0;-2.288678905E0;0.000000000E0;3.575906372E2;1.293918432E1;3.000000000E0
1.155719257E3;5.232211050E1;4.857550391E0;-2.288678905E0;0.000000000E0;3.575906372E2;1.293918432E1;3.000000000E0
1.156719253E3;5.232211050E1;4.857550391E0;-2.288678905E0;0.000000000E0;3.575906372E2;1.293918418E1;3.000000000E0
1.157719249E3;5.232211050E1;4.857550391E0;-2.288678905E0;0.000000000E0;3.575906372E2;1.293918432E1;3.000000000E0
1.158719244E3;5.232211050E1;4.857550391E0;-2.288678905E0;0.000000000E0;3.575906372E2;1.293918432E1;3.000000000E0
1.159719240E3;5.232210237E1;4.857550949E0;-2.186917566E0;1.064513449E-2;3.575906372E2;1.508226724E1;3.000000000E0
1.160719236E3;5.232210221E1;4.857550960E0;-2.177665133E0;0.000000000E0;3.575906372E2;1.505330693E1;3.000000000E0
1.161719231E3;5.232210322E1;4.857550891E0;-2.149954033E0;2.464906667E-2;3.575906372E2;1.482450774E1;3.000000000E0
1.162719228E3;5.232210354E1;4.857550869E0;-2.136331483E0;1.635020214E-1;3.575906372E2;1.484036417E1;3.000000000E0
1.163719223E3;5.232211361E1;4.857550177E0;-2.170154468E0;1.146304233E0;3.575906372E2;1.476418450E1;3.000000000E0
1.164719219E3;5.232213690E1;4.857548578E0;-2.128366156E0;2.484414444E0;3.575906372E2;1.471604486E1;3.000000000E0
1.165719215E3;5.232217577E1;4.857545748E0;-2.044234998E0;3.906788619E0;3.574058228E2;1.459423404E1;3.000000000E0
1.166719211E3;5.232222267E1;4.857542374E0;-1.969238781E0;5.061783482E0;3.575456238E2;1.434110610E1;3.000000000E0
1.167719206E3;5.232227537E1;4.857539024E0;-1.789901366E0;5.940222674E0;3.578601379E2;1.388456168E1;3.000000000E0
1.168719201E3;5.232232788E1;4.857537332E0;-1.738147232E0;6.390735115E0;0.000000000E0;1.377672877E1;3.000000000E0
1.169719198E3;5.232238276E1;4.857537332E0;-1.511803468E0;6.710520105E0;0.000000000E0;6.048736656E0;3.000000000E0
1.170719193E3;5.232244989E1;4.857537332E0;-9.294224400E-1;7.222050740E0;0.000000000E0;7.041714285E0;3.000000000E0
1.171719189E3;5.232252462E1;4.857537341E0;-5.003028009E-1;7.715372620E0;1.347425431E-1;1.063564580E1;3.151496024E0
1.172719185E3;5.232260844E1;4.857537662E0;-4.440041566E-1;8.282122623E0;1.347425431E-1;1.345439591E1;4.019810587E0
1.173719180E3;5.232269940E1;4.857538011E0;-9.321025601E-1;8.977949564E0;1.347425431E-1;1.559521450E1;4.094721106E0
1.174719176E3;5.232279059E1;4.857512246E0;-1.063788102E0;9.443424711E0;1.347425431E-1;1.728224866E1;4.427828455E0
1.175719171E3;5.232289108E1;4.857538681E0;-1.503698772E0;1.002049691E1;3.595123596E2;1.926685303E1;4.369041852E0
1.176719167E3;5.232299074E1;4.857537297E0;-1.344768722E0;1.039659074E1;3.595123596E2;2.214231821E1;4.361161408E0
1.177719163E3;5.232308180E1;4.857540117E0;-1.371184336E0;1.042012590E1;1.041614175E0;1.790535676E1;3.567848023E0
1.178719159E3;5.232318023E1;4.857519250E0;-1.851769738E0;1.053726169E1;1.760208249E0;1.521730152E1;3.000000000E0
1.179719154E3;5.232328099E1;4.857529090E0;-2.295050517E0;1.065606345E1;2.148953676E0;1.288160379E1;3.000000000E0
1.180719150E3;5.232337905E1;4.857556938E0;-9.540401502E-1;1.059099748E1;2.148953676E0;1.417338054E1;3.000000000E0
1.181719145E3;5.232346543E1;4.857540059E0;-2.348906803E0;1.002035212E1;2.811590672E0;1.624420296E1;3.000000000E0
1.182719141E3;5.232355094E1;4.857560819E0;-6.324894251E-1;9.825422119E0;2.029072762E0;1.849583877E1;3.000000000E0
1.183719137E3;5.232363367E1;4.857559699E0;-9.140573246E-1;9.632850458E0;3.595199890E2;1.692105005E1;3.000000000E0
1.184719132E3;5.232372040E1;4.857564391E0;-2.302949336E0;9.545911953E0;3.595199890E2;1.521444636E1;3.000000000E0
1.185719129E3;5.232381534E1;4.857569485E0;1.183038848E-1;9.636860656E0;3.584589539E2;1.467240971E1;3.000000000E0
1.186719124E3;5.232392578E1;4.857584294E0;-8.216503924E-1;1.031490873E1;3.574392090E2;1.534466179E1;3.000000000E0
1.187719121E3;5.232401999E1;4.857582446E0;-1.657172496E0;1.034950058E1;3.567208557E2;1.534466180E1;3.000000000E0
1.188719116E3;5.232411477E1;4.857579937E0;-2.139982987E0;1.033814443E1;3.567208557E2;1.566874767E1;3.000000000E0
1.189719112E3;5.232420909E1;4.857574339E0;-2.652769186E0;1.037139873E1;3.581898804E2;1.462476598E1;3.000000000E0
1.190719107E3;5.232431547E1;4.857589365E0;-2.858898282E0;1.055681835E1;1.290446222E-1;1.752159106E1;3.000000000E0
1.191719103E3;5.232440756E1;4.857580193E0;-2.194057469E0;1.034994555E1;1.290446222E-1;1.494735349E1;3.000000000E0
1.192719098E3;5.232449525E1;4.857567939E0;-1.798167039E0;1.009251138E1;1.290446222E-1;1.240823934E1;3.000000000E0
1.193719094E3;5.232458281E1;4.857569737E0;-1.828571248E0;9.834745594E0;1.290446222E-1;1.312422598E1;3.000000000E0
1.194719090E3;5.232465985E1;4.857578687E0;-1.605683217E0;9.447651633E0;1.290446222E-1;1.508821042E1;3.000000000E0
1.195719086E3;5.232474524E1;4.857574380E0;-1.110774218E0;9.345610420E0;1.290446222E-1;1.403597585E1;3.000000000E0
1.196719081E3;5.232483956E1;4.857580088E0;-2.162587669E0;9.620409941E0;1.290446222E-1;1.138025942E1;3.000000000E0
1.197719077E3;5.232491907E1;4.857585809E0;-2.400682729E0;9.507483293E0;1.290446222E-1;2.037545432E1;3.000000000E0
1.198719073E3;5.232501226E1;4.857554807E0;-6.709698644E-1;9.632621663E0;3.598937683E2;1.881375406E1;3.000000000E0
1.199719068E3;5.232511678E1;4.857546264E0;-2.031297897E0;1.012662549E1;3.598937683E2;1.852510530E1;3.000000000E0
1.200719064E3;5.232519262E1;4.857540453E0;-1.516391958E0;9.752236061E0;3.598937683E2;2.095976365E1;3.000000000E0
1.201719060E3;5.232527324E1;4.857547118E0;-1.608024122E0;9.600372063E0;3.598937683E2;2.732451302E1;3.000000000E0
1.202719056E3;5.232535260E1;4.857546178E0;-1.869934822E0;9.530828107E0;3.598937683E2;2.432104956E1;3.000000000E0
1.203719051E3;5.232544003E1;4.857532440E0;-2.028351344E0;9.557931059E0;3.594023743E2;1.971481630E1;3.000000000E0
1.204719047E3;5.232551894E1;4.857530769E0;-2.554146935E0;9.467573926E0;3.594023743E2;1.750690734E1;3.000000000E0
1.205719042E3;5.232560857E1;4.857517566E0;-2.367547384E0;9.592836765E0;3.594023743E2;1.666635019E1;3.000000000E0
1.206719039E3;5.232570427E1;4.857528418E0;-1.983598366E0;9.683392840E0;3.594023743E2;1.846349156E1;3.000000000E0
1.207719034E3;5.232578785E1;4.857527620E0;-1.781885187E0;9.547306385E0;3.598009949E2;1.881465647E1;3.000000000E0
1.208719030E3;5.232587676E1;4.857527116E0;-1.001812967E0;9.555294458E0;3.598009949E2;1.468531182E1;3.000000000E0
1.209719025E3;5.232595738E1;4.857526659E0;-1.134943170E0;9.324901978E0;3.598009949E2;1.434275614E1;3.000000000E0
1.210719021E3;5.232603972E1;4.857526192E0;-1.458188713E0;9.284485008E0;3.598009949E2;2.077795438E1;3.000000000E0
1.211719017E3;5.232612845E1;4.857525689E0;-2.844872382E0;9.197031421E0;3.598009949E2;2.269126063E1;3.000000000E0
1.212719013E3;5.232619131E1;4.857525333E0;-1.687169986E0;8.740772509E0;3.598009949E2;1.999219993E1;3.000000000E0
1.213719008E3;5.232625131E1;4.857524504E0;-1.501916873E0;8.307685957E0;3.593947449E2;1.817242052E1;3.000000000E0
1.214719004E3;5.232631759E1;4.857523362E0;-1.508845483E0;8.125448484E0;3.593947449E2;2.094294715E1;3.000000000E0
1.215718999E3;5.232638651E1;4.857521976E0;-8.943666825E-1;7.761134572E0;3.591328735E2;2.413548858E1;3.000000000E0
1.216718995E3;5.232642954E1;4.857520913E0;-1.822394286E0;6.880032932E0;3.591328735E2;2.073715694E1;3.000000000E0
1.217718991E3;5.232645686E1;4.857520239E0;-1.459017213E0;5.823158725E0;3.591328735E2;2.006507430E1;3.000000000E0
1.218718986E3;5.232648728E1;4.857519488E0;-2.209650499E0;5.068087875E0;3.591328735E2;1.895965369E1;3.000000000E0
1.219718982E3;5.232652874E1;4.857518463E0;-1.826950591E0;4.839826920E0;3.591328735E2;1.767959921E1;3.000000000E0
1.220718978E3;5.232656587E1;4.857517546E0;-1.644782998E0;4.301425671E0;3.591328735E2;1.745993686E1;3.000000000E0
1.221718974E3;5.232660376E1;4.857516610E0;-1.736265794E0;4.032213278E0;3.591328735E2;1.721168433E1;3.000000000E0
1.222718969E3;5.232662350E1;4.857490269E0;-1.389870377E0;3.212266137E0;3.591328735E2;1.738655926E1;3.000000000E0
1.223718966E3;5.232663610E1;4.857492723E0;-1.540918928E0;2.444581020E0;3.591328735E2;1.723779337E1;3.000000000E0
1.224718961E3;5.232664823E1;4.857498893E0;-1.675282813E0;2.043386110E0;6.573022833E0;1.706716911E1;3.000000000E0
1.225718957E3;5.232667229E1;4.857509256E0;-1.740946860E0;2.151583268E0;1.098543103E1;1.687777887E1;3.000000000E0
1.226718952E3;5.232666571E1;4.857507139E0;-1.722930648E0;0.000000000E0;1.092417881E1;1.664489548E1;3.000000000E0
1.227718948E3;5.232666571E1;4.857507139E0;-1.722930648E0;0.000000000E0;1.092417881E1;1.716494159E1;3.000000000E0
1.228718944E3;5.232666571E1;4.857507139E0;-1.722930648E0;0.000000000E0;1.092417881E1;1.934273292E1;3.000000000E0
1.229718939E3;5.232666571E1;4.857507139E0;-1.722930648E0;0.000000000E0;1.092417881E1;1.897535222E1;3.000000000E0
1.230718935E3;5.232664582E1;4.857501141E0;-1.416608119E0;0.000000000E0;1.407276209E1;1.907917921E1;3.000000000E0
1.231718931E3;5.232664582E1;4.857501141E0;-1.416608119E0;0.000000000E0;1.407276209E1;2.024027549E1;3.000000000E0
1.232718926E3;5.232664582E1;4.857501141E0;-1.416608119E0;0.000000000E0;1.407276209E1;2.000502297E1;3.000000000E0
1.233718922E3;5.232665627E1;4.857504845E0;-1.564203589E0;1.038756159E-2;1.407276499E1;1.967554817E1;3.000000000E0
1.234718918E3;5.232665615E1;4.857504519E0;-1.527704177E0;0.000000000E0;1.407276472E1;1.940687915E1;3.000000000E0
1.235718914E3;5.232665615E1;4.857504519E0;-1.527704177E0;0.000000000E0;1.407276472E1;1.929895381E1;3.000000000E0
1.236718909E3;5.232665615E1;4.857504519E0;-1.527704177E0;0.000000000E0;1.407276472E1;1.927328117E1;3.000000000E0
1.237718905E3;5.232665615E1;4.857504519E0;-1.527704177E0;0.000000000E0;1.407276472E1;1.950585985E1;3.000000000E0
1.238718901E3;5.232669153E1;4.857503517E0;-1.578610946E0;1.430513966E0;3.555191723E2;1.953238820E1;3.000000000E0
1.239718896E3;5.232672079E1;4.857498893E0;-1.365720635E0;1.888802036E0;3.572154192E2;1.917157117E1;3.000000000E0
1.240718892E3;5.232675681E1;4.857485271E0;-1.727382290E0;2.334462286E0;3.534007299E2;1.908050734E1;3.000000000E0
1.241718887E3;5.232680898E1;4.857469043E0;-1.354892664E0;3.139199068E0;3.559742261E2;1.976734176E1;3.000000000E0
1.242718883E3;5.232685304E1;4.857469929E0;-1.348774964E0;3.605509235E0;3.600780522E0;2.063243443E1;3.000000000E0
1.243718880E3;5.232693740E1;4.857471455E0;-1.228089267E0;4.812336964E0;6.517775403E0;2.102685487E1;3.000000000E0
1.244718874E3;5.232701131E1;4.857464702E0;-1.774872861E0;5.319475385E0;4.255370870E0;1.899992474E1;3.000000000E0
1.245718871E3;5.232708116E1;4.857457679E0;-2.111886929E0;5.769176695E0;1.685022638E0;1.823659622E1;3.000000000E0
1.246718866E3;5.232714459E1;4.857465743E0;-1.398657648E0;6.003322983E0;2.966034202E0;1.877289998E1;3.000000000E0
1.247718862E3;5.232720441E1;4.857522770E0;-1.488935852E0;5.937626634E0;1.628182769E0;2.026681349E1;3.000000000E0
1.248718857E3;5.232725219E1;4.857523841E0;-1.639141620E0;5.654984657E0;8.373272419E-1;2.060529379E1;3.000000000E0
1.249718853E3;5.232730637E1;4.857525133E0;-1.907339021E0;5.532586997E0;8.373272419E-1;1.966659934E1;3.000000000E0
1.250718849E3;5.232735174E1;4.857525234E0;-2.602387590E0;5.485160262E0;0.000000000E0;1.941089062E1;3.000000000E0
1.251718845E3;5.232738055E1;4.857499364E0;-2.496891243E0;5.037693320E0;0.000000000E0;2.009819998E1;3.000000000E0
1.252718840E3;5.232742819E1;4.857497880E0;-1.835378500E0;5.119227253E0;3.591821899E2;2.059821828E1;3.000000000E0
1.253718836E3;5.232747925E1;4.857496235E0;-2.319944893E0;5.261378601E0;3.588722534E2;2.018366078E1;3.000000000E0
1.254718832E3;5.232755911E1;4.857520594E0;-2.508025172E0;5.900098814E0;3.588722534E2;1.887568322E1;3.000000000E0
1.255718827E3;5.232764691E1;4.857517797E0;-1.901428518E0;6.515975396E0;3.584864197E2;2.410652272E1;3.000000000E0
1.256718823E3;5.232773953E1;4.857513803E0;-9.118227903E-1;7.102405575E0;3.584864197E2;2.236468880E1;3.000000000E0
1.257718819E3;5.232782860E1;4.857509962E0;-8.577166032E-1;7.465679417E0;3.584864197E2;2.191410677E1;3.062800257E0
1.258718814E3;5.232790770E1;4.857508088E0;-3.055379381E0;7.757804605E0;3.588348083E2;2.541385054E1;3.633907350E0
1.259718811E3;5.232799994E1;4.857505026E0;-1.779116115E0;8.273403913E0;3.588348083E2;2.653742078E1;3.973663574E0
1.260718806E3;5.232810426E1;4.857506247E0;-2.934071030E0;8.796448134E0;3.598426208E2;2.349956257E1;3.553578920E0
1.261718802E3;5.232821235E1;4.857505762E0;-1.779601842E0;9.361361807E0;3.598426208E2;1.883365764E1;3.000000000E0
1.262718797E3;5.232832808E1;4.857505243E0;-2.844291441E-1;1.003996434E1;3.598426208E2;1.674515649E1;3.000000000E0
1.263718793E3;5.232842489E1;4.857504523E0;-5.678064330E-1;1.027270758E1;3.597038574E2;2.420063584E1;3.657555338E0
1.264718788E3;5.232854041E1;4.857502705E0;-5.548652615E-1;1.080723880E1;3.588191528E2;2.887733595E1;4.563479056E0
1.265718785E3;5.232864634E1;4.857473112E0;-8.519359557E-1;1.085146034E1;3.597918396E2;2.723897490E1;4.643518257E0
1.266718780E3;5.232874865E1;4.857483287E0;-9.468189571E-1;1.063825068E1;3.597918396E2;2.747747475E1;5.136224853E0
1.267718776E3;5.232884587E1;4.857485736E0;-1.161201195E0;1.023259511E1;3.597918396E2;2.445181457E1;4.949126343E0
1.268718772E3;5.232894891E1;4.857472833E0;1.200378977E0;1.031751379E1;1.959648132E-1;1.949859896E1;4.188564362E0
1.269718767E3;5.232904546E1;4.857474134E0;1.118915720E0;1.018131328E1;1.959648132E-1;1.586566444E1;3.528416758E0
1.270718763E3;5.232914159E1;4.857499837E0;-6.315526869E-1;1.008194236E1;0.000000000E0;1.356587219E1;3.140913260E0
1.271718759E3;5.232924341E1;4.857499837E0;-9.840913126E-1;1.015931509E1;0.000000000E0;1.210186336E1;3.000000000E0
1.272718754E3;5.232933601E1;4.857499837E0;-6.118312404E-1;1.003059224E1;0.000000000E0;1.092273597E1;3.000000000E0
1.273718750E3;5.232942555E1;4.857499837E0;-8.934055502E-1;9.873400673E0;0.000000000E0;1.138722988E1;3.000000000E0
1.274718746E3;5.232951377E1;4.857499837E0;-1.268582541E0;9.924934141E0;0.000000000E0;1.249190888E1;3.000000000E0
1.275718741E3;5.232960305E1;4.857499962E0;-9.664801201E-1;9.940192515E0;2.017122507E-1;1.553359608E1;3.000000000E0
1.276718737E3;5.232969629E1;4.857500498E0;-6.308723008E-1;1.003238884E1;2.017122507E-1;1.404043994E1;3.000000000E0
1.277718732E3;5.232978286E1;4.857500995E0;-4.759842576E-1;9.892550018E0;2.017122507E-1;1.359490771E1;3.000000000E0
1.278718728E3;5.232987218E1;4.857501509E0;1.076241218E0;9.921433122E0;2.017122507E-1;1.359490773E1;3.000000000E0
1.279718724E3;5.232995405E1;4.857501979E0;-1.930144526E0;9.686287783E0;2.017122507E-1;1.787719704E1;3.000000000E0
1.280718719E3;5.233002666E1;4.857502396E0;-3.081697728E0;9.186091786E0;2.016899586E-1;1.741451030E1;3.000000000E0
1.281718715E3;5.233011591E1;4.857500563E0;-2.909742103E0;9.214458877E0;3.591987915E2;1.888131198E1;3.000000000E0
1.282718712E3;5.233020619E1;4.857474208E0;-3.176006849E0;9.229910497E0;3.589677124E2;2.031766687E1;3.000000000E0
1.283718706E3;5.233028428E1;4.857490243E0;-2.285511372E0;9.077854833E0;3.584790955E2;2.032152389E1;3.000000000E0
1.284718702E3;5.233036325E1;4.857511547E0;-2.305344397E0;8.981820681E0;3.594901733E2;1.893225653E1;3.000000000E0
1.285718698E3;5.233044229E1;4.857525911E0;-3.092696438E0;8.993134052E0;3.594901733E2;1.649249654E1;3.000000000E0
1.286718694E3;5.233052477E1;4.857537183E0;-3.331741934E0;9.087314712E0;3.594901733E2;1.685929787E1;3.000000000E0
1.287718690E3;5.233060807E1;4.857547283E0;-2.035755424E0;9.067521239E0;3.594503174E2;1.928456021E1;3.000000000E0
1.288718685E3;5.233069105E1;4.857547595E0;-1.805538357E0;9.011018133E0;0.000000000E0;1.728115366E1;3.000000000E0
1.289718681E3;5.233076810E1;4.857526562E0;-5.053725298E-1;8.795652302E0;3.596958008E2;1.681200419E1;3.000000000E0
1.290718676E3;5.233083427E1;4.857515961E0;-4.604212642E-1;8.408966351E0;3.596958008E2;1.594004416E1;3.000000000E0
1.291718673E3;5.233092005E1;4.857493980E0;-3.174056746E-1;8.625406391E0;3.596958008E2;1.544992617E1;3.000000000E0
1.292718668E3;5.233101812E1;4.857481841E0;5.525332009E-1;9.071472662E0;3.596958008E2;1.790440537E1;3.000000000E0
1.293718664E3;5.233109812E1;4.857478668E0;-2.788234456E-1;9.027888308E0;3.596958008E2;1.826961219E1;3.000000000E0
1.294718659E3;5.233119256E1;4.857464541E0;-1.895556411E0;9.242235052E0;0.000000000E0;2.157702287E1;3.000000000E0
1.295718656E3;5.233128562E1;4.857462807E0;-5.669724550E-1;9.483293974E0;3.587237854E2;2.061884549E1;3.000000000E0
1.296718651E3;5.233136991E1;4.857471320E0;3.230833737E-1;9.478297463E0;3.597401428E2;1.742374895E1;3.000000000E0
1.297718646E3;5.233144701E1;4.857483840E0;-2.833915465E-1;9.334788166E0;3.597401428E2;1.873185605E1;3.000000000E0
1.298718642E3;5.233152306E1;4.857483277E0;-4.183810111E-1;9.207009533E0;3.597401428E2;1.821354518E1;3.000000000E0
1.299718638E3;5.233160479E1;4.857482672E0;-3.787663176E0;9.129693135E0;3.597401428E2;2.014565308E1;3.000000000E0
1.300718634E3;5.233169881E1;4.857457180E0;-2.745056060E0;9.267784126E0;3.592107849E2;3.083616655E1;3.000000000E0
1.301718629E3;5.233179071E1;4.857531011E0;-3.696292969E0;9.408456317E0;8.205378832E0;3.000494333E1;3.094523224E0
1.302718625E3;5.233188173E1;4.857540693E0;-3.333062799E0;9.490954534E0;6.734028217E0;3.159479019E1;3.491420425E0
1.303718621E3;5.233193874E1;4.857534193E0;-3.460984154E0;9.126442329E0;3.553396710E0;3.017481564E1;3.858980387E0
1.304718616E3;5.233201054E1;4.857514935E0;-3.684956058E0;9.026737860E0;3.593749247E2;2.863594847E1;3.912110031E0
1.305718612E3;5.233209722E1;4.857501829E0;-3.935945423E0;8.971426271E0;3.571826389E2;2.445565150E1;3.637731092E0
1.306718608E3;5.233216363E1;4.857497246E0;-3.388021246E0;8.645268918E0;3.594511108E2;2.045458786E1;3.000000000E0
1.307718604E3;5.233225860E1;4.857498307E0;-2.192884206E0;8.932439325E0;0.000000000E0;1.839473768E1;3.000000000E0
1.308718599E3;5.233234234E1;4.857509159E0;-1.076836212E0;8.990980972E0;2.593565702E0;1.710749998E1;3.000000000E0
1.309718595E3;5.233242427E1;4.857517290E0;-1.918546155E0;8.946471238E0;4.133653641E0;1.476083760E1;3.000000000E0
1.310718591E3;5.233251648E1;4.857511382E0;-1.961249003E0;8.812510417E0;2.028601170E0;1.734956834E1;3.000000000E0
1.311718586E3;5.233262398E1;4.857498886E0;-5.335267764E-1;9.148400312E0;3.589603882E2;1.695090455E1;3.000000000E0
1.312718582E3;5.233272278E1;4.857474474E0;-6.273108814E-2;9.420410725E0;3.589603882E2;1.683976321E1;3.000000000E0
1.313718578E3;5.233281203E1;4.857472377E0;-7.411253257E-1;9.466478197E0;3.589603882E2;1.340638745E1;3.000000000E0
1.314718573E3;5.233290410E1;4.857477969E0;-2.619018991E0;9.392895678E0;3.590306702E2;1.344460403E1;3.000000000E0
1.315718569E3;5.233299730E1;4.857486076E0;-2.662474396E0;9.395129316E0;3.590306702E2;1.358534934E1;3.000000000E0
1.316718565E3;5.233310220E1;4.857485256E0;-2.645231699E0;9.539598099E0;3.590306702E2;1.169165093E1;3.000000000E0
1.317718561E3;5.233319729E1;4.857485932E0;-1.147939343E0;9.418305338E0;0.000000000E0;1.312346105E1;3.000000000E0
1.318718556E3;5.233329444E1;4.857484490E0;1.210821575E0;9.313266536E0;3.592676086E2;2.311038319E1;3.369098411E0
1.319718551E3;5.233338114E1;4.857437131E0;2.719839023E0;9.184993662E0;3.574283769E2;3.616426610E1;6.178554349E0
1.320718547E3;5.233346696E1;4.857419853E0;2.151438640E-1;9.510017190E0;3.559440632E2;3.149171400E1;5.197259292E0
1.321718544E3;5.233352898E1;4.857396435E0;3.279718566E0;9.394569730E0;3.555710619E2;3.400482802E1;5.715728580E0
1.322718539E3;5.233361404E1;4.857388286E0;3.920734948E0;9.631280374E0;3.567232199E2;2.594846505E1;4.321511674E0
1.323718535E3;5.233375707E1;4.857360037E0;4.893430966E0;1.040720531E1;3.560729237E2;1.808240194E1;3.211854727E0
1.324718530E3;5.233385758E1;4.857455328E0;4.998664371E0;1.048717903E1;3.586718750E2;1.802067540E1;3.319837797E0
1.325718526E3;5.233395562E1;4.857451618E0;4.953292539E0;1.008949962E1;3.586718750E2;2.162367770E1;4.469898107E0
1.326718522E3;5.233405593E1;4.857451566E0;4.208049568E0;9.826519869E0;3.595133362E2;2.982121463E1;6.908150246E0
1.327718517E3;5.233415776E1;4.857450155E0;3.875273583E0;9.659221071E0;3.595133362E2;3.163763730E1;8.070258041E0
1.328718514E3;5.233423912E1;4.857453984E0;2.911554019E0;9.336291879E0;2.953335762E0;3.001569064E1;7.772501193E0
1.329718509E3;5.233431515E1;4.857469097E0;2.374695832E0;9.016345510E0;6.816813946E0;2.976817569E1;8.462377250E0
1.330718505E3;5.233438700E1;4.857483118E0;2.486768821E0;8.586182132E0;6.816813946E0;2.856045383E1;7.438390514E0
1.331718500E3;5.233447625E1;4.857422342E0;2.231877538E0;7.890875062E0;3.564245911E2;3.293132260E1;8.549470588E0
1.332718496E3;5.233454057E1;4.857415781E0;4.009402978E0;7.564369817E0;3.564245911E2;3.424533835E1;8.380305006E0
1.333718492E3;5.233460463E1;4.857409247E0;4.041719297E0;7.429629856E0;3.564245911E2;3.709489387E1;8.892276278E0
1.334718487E3;5.233465838E1;4.857169381E0;4.213196195E0;7.442122749E0;3.561708740E2;3.686181213E1;8.514360439E0
1.335718483E3;5.233472045E1;4.857168936E0;6.818078170E0;7.275600062E0;3.579166476E2;3.068263830E1;7.454213488E0
1.336718479E3;5.233477170E1;4.857186122E0;3.104794757E0;6.908967278E0;3.598130896E2;2.709094998E1;4.817516897E0