"Time (s)";"Latitude (°)";"Longitude (°)";"Height (m)";"Velocity (m/s)";"Direction (°)";"Horizontal Accuracy (m)";"Vertical Accuracy (°)"
3.403401375E-2;5.233434370E1;4.857494253E0;3.589607766E-1;9.066399574E0;1.831406298E2;1.345706526E1;6.606731916E0
5.702710152E-2;5.233305135E1;4.857359987E0;-3.593820097E0;NaN;NaN;7.747064277E1;7.873339201E0
4.675190449E-1;5.233321585E1;4.857603232E0;-3.593820097E0;NaN;NaN;3.559363305E1;7.873387500E0
5.009461403E0;5.233320680E1;4.857506355E0;-2.825619363E0;4.680863380E0;2.430677626E2;2.723670873E1;1.452353264E1
5.968467951E0;5.233318175E1;4.857514587E0;-7.464346478E-1;4.680863380E0;2.297993666E2;2.868231184E1;7.240158802E0
6.968475699E0;5.233315116E1;4.857535905E0;-6.749217750E-1;3.840401888E0;2.106931499E2;3.177490316E1;7.264173798E0
7.968483567E0;5.233312674E1;4.857528274E0;-6.438432981E-1;3.256485462E0;2.092029205E2;3.977069346E1;8.112863201E0
8.968492031E0;5.233310138E1;4.857510610E0;-6.251428774E-1;3.223646164E0;2.070671945E2;4.105601968E1;7.629041944E0
9.968500376E0;5.233305882E1;4.857509802E0;-6.132989545E-1;2.672409058E0;2.009439933E2;4.392282783E1;8.020429412E0
1.096842039E1;5.233299175E1;4.857564965E0;-6.082200183E-1;3.511079311E0;1.858937025E2;4.941802404E1;8.518745007E0
1.196855843E1;5.233291307E1;4.857640633E0;-6.035496513E-1;3.511079311E0;1.763510032E2;4.884445588E1;8.136805367E0
1.296852624E1;5.233278754E1;4.857673377E0;-6.095794775E-1;4.462896347E0;1.743618596E2;4.130088942E1;7.874740202E0
1.396879637E1;5.233273660E1;4.857637947E0;-6.050070670E-1;5.285755634E0;1.780272557E2;4.153954432E1;7.812420775E0
1.496843553E1;5.233267236E1;4.857642212E0;-6.060384703E-1;5.285755634E0;1.839057762E2;3.721446032E1;7.765814670E0
1.596837080E1;5.233260873E1;4.857675660E0;-6.011844010E-1;4.991535664E0;1.829816756E2;3.454993493E1;7.744882585E0
1.696768570E1;5.233256498E1;4.857668335E0;-6.013811215E-1;4.793536186E0;1.834111141E2;3.465969891E1;7.625512977E0
1.796792483E1;5.233252197E1;4.857664150E0;-6.013792483E-1;4.793536186E0;1.834111108E2;3.465969891E1;7.625512977E0
1.896784770E1;5.233247698E1;4.857658673E0;-6.051084902E-1;4.759187222E0;1.843137633E2;3.474483288E1;7.522025526E0
1.996777463E1;5.233245659E1;4.857648198E0;-6.076480011E-1;4.086276531E0;1.856646522E2;3.441032497E1;7.527486293E0
2.096799660E1;5.233242253E1;4.857617883E0;-6.100110942E-1;4.086276531E0;1.910918445E2;3.400183273E1;7.431757898E0
2.196791542E1;5.233237518E1;4.857577811E0;-6.086666398E-1;4.072290897E0;1.940865734E2;3.235204836E1;7.341859259E0
2.296804130E1;5.233231508E1;4.857529513E0;-6.051829206E-1;4.072290897E0;1.960854515E2;3.114120376E1;7.296182175E0
2.396818185E1;5.233224396E1;4.857495893E0;-6.080051893E-1;4.789586544E0;1.909597271E2;3.033909059E1;7.266474307E0
2.496810329E1;5.233216406E1;4.857474583E0;-6.113316324E-1;5.456804752E0;1.884688427E2;2.943009968E1;7.205458484E0
2.596802711E1;5.233205945E1;4.857461344E0;-6.192807062E-1;5.456804752E0;1.874476369E2;2.671692785E1;7.135834583E0
2.696795523E1;5.233198179E1;4.857443420E0;-6.207016204E-1;5.971910954E0;1.881141586E2;2.668877915E1;7.118872465E0
2.796788824E1;5.233192796E1;4.857430096E0;-6.199935880E-1;5.971910954E0;1.888313814E2;2.740492244E1;7.084176747E0
2.896782565E1;5.233185531E1;4.857409191E0;-6.216169382E-1;6.654802322E0;1.900836447E2;2.858777931E1;7.069821699E0
2.996776640E1;5.233179089E1;4.857391486E0;-6.218072893E-1;6.654802322E0;1.904472258E2;3.005223625E1;7.089520084E0
3.096771264E1;5.233171772E1;4.857376868E0;-6.229444398E-1;6.654802322E0;1.791938171E2;3.134198281E1;7.946548962E0
3.196766233E1;5.233164349E1;4.857373808E0;-6.191019099E-1;6.510257721E0;1.875567523E2;3.218888231E1;8.710360655E0
3.296761501E1;5.233157029E1;4.857410588E0;-6.187056210E-1;6.510257721E0;1.864996454E2;3.215575311E1;9.304312224E0
3.396757054E1;5.233149077E1;4.857457314E0;-6.300238362E-1;6.077177525E0;1.812827441E2;3.169235850E1;9.751931065E0
3.496752965E1;5.233141032E1;4.857491450E0;-6.539080674E-1;6.077177525E0;1.799951870E2;4.863498298E1;1.676346564E1
3.596749198E1;5.233134135E1;4.857430345E0;-6.886712266E-1;5.793190002E0;1.797401276E2;4.600694999E1;1.720903566E1
3.696745574E1;5.233129144E1;4.857430715E0;-7.241199315E-1;5.254357815E0;1.797401276E2;6.270581599E1;2.325072086E1
3.796742296E1;5.233123890E1;4.857432160E0;-7.398343710E-1;5.177874088E0;1.800000000E2;5.514150354E1;2.043062768E1
3.896739221E1;5.233118385E1;4.857458564E0;-8.223909540E-1;4.730609417E0;1.800000000E2;2.464544898E1;1.736783725E1
3.996736479E1;5.233111292E1;4.857453106E0;-8.927607518E-1;5.714299202E0;1.800000000E2;2.260429112E1;1.716437165E1
4.096733809E1;5.233106789E1;4.857452270E0;-9.650861844E-1;5.302577496E0;1.800000000E2;2.578741131E1;2.008776292E1
4.196731424E1;5.233101600E1;4.857432160E0;-1.044762256E0;5.302577496E0;1.800000000E2;2.242127526E1;1.714765704E1
4.296729136E1;5.233093585E1;4.857432160E0;-1.075495888E0;5.302577496E0;1.800000000E2;3.759224991E1;2.672182759E1
4.396726990E1;5.233080723E1;4.857434265E0;-1.193560628E0;8.237168312E0;1.796957855E2;4.630685098E1;1.816660961E1
4.496725070E1;5.233072829E1;4.857434760E0;-1.272873267E0;8.237168312E0;1.800000000E2;5.185603148E1;1.788545374E1
4.596723354E1;5.233064420E1;4.857435108E0;-1.323969137E0;8.039210320E0;1.794503174E2;4.822164120E1;1.552157955E1
4.696721673E1;5.233061387E1;4.857435583E0;-1.404061774E0;7.833607197E0;1.794503174E2;4.444556186E1;1.347375813E1
4.796720195E1;5.233061929E1;4.857435498E0;-1.466476586E0;6.514312744E0;1.794503174E2;2.643740355E1;1.331144892E1
4.896718800E1;5.233060157E1;4.857435776E0;-1.525521443E0;4.192605019E0;1.794503174E2;2.569214408E1;1.325021965E1
4.996717525E1;5.233056031E1;4.857436403E0;-1.576480326E0;4.192605019E0;1.794901886E2;2.281492704E1;1.145935339E1
5.096716392E1;5.233054856E1;4.857436574E0;-1.626728836E0;4.045412540E0;1.794901886E2;2.339048982E1;1.150332238E1
5.196715283E1;5.233054461E1;4.857436631E0;-1.661826029E0;2.794385672E0;1.794901886E2;3.188144524E1;1.530005323E1
5.296714318E1;5.233055006E1;4.857436552E0;-1.684132186E0;2.533934593E0;1.794901886E2;3.720615034E1;1.739591326E1
5.396713448E1;5.233052946E1;4.857436851E0;-1.693981123E0;2.185883284E0;1.794901886E2;3.849478579E1;1.732440605E1
5.496712673E1;5.233051162E1;4.857437110E0;-1.707417363E0;2.185883284E0;1.794901886E2;4.054538558E1;1.725233417E1
5.596711969E1;5.233053126E1;4.857436825E0;-1.707417738E0;0.000000000E0;1.794901886E2;4.227946510E1;1.723410885E1
5.696711302E1;5.233050826E1;4.857466065E0;-1.731017319E0;1.977657676E0;1.794925498E2;4.313300518E1;1.731707346E1
5.796710706E1;5.233053211E1;4.857465426E0;-1.740847651E0;1.711115599E0;1.794875942E2;3.244573503E1;1.520059176E1
5.896710253E1;5.233054094E1;4.857465184E0;-1.742510920E0;1.508823395E0;1.794960108E2;2.754551806E1;1.334559074E1
5.996709776E1;5.233051658E1;4.857466227E0;-1.737775115E0;1.944481134E0;1.794939638E2;2.522618939E1;1.337731517E1
6.096709371E1;5.233045534E1;4.857467838E0;-1.715489038E0;1.944481134E0;1.794901888E2;1.739408112E1;9.706708473E0
6.196709049E1;5.233047282E1;4.857467584E0;-1.715489335E0;0.000000000E0;1.794901886E2;1.410477798E1;8.141894449E0
6.296708846E1;5.233034635E1;4.857470872E0;-1.692144534E0;3.479026794E0;1.794901890E2;2.673171041E1;1.513592449E1
6.396708572E1;5.233029859E1;4.857472849E0;-1.676967557E0;4.235036373E0;1.789751657E2;2.098986559E1;1.136970108E1
6.496708429E1;5.233026205E1;4.857469130E0;-1.659456701E0;4.300613403E0;1.812427898E2;2.724295694E1;1.335520257E1
6.596708202E1;5.233021919E1;4.857471332E0;-1.649405199E0;4.300613403E0;1.800107593E2;4.104658614E1;1.744630672E1
6.696708095E1;5.233015143E1;4.857484163E0;-1.650829894E0;4.659006596E0;1.770380118E2;4.011450057E1;1.520929090E1
6.796708024E1;5.233008803E1;4.857511768E0;-1.646367302E0;5.528748035E0;1.731776571E2;4.582456437E1;1.512079060E1
6.896707940E1;5.233001428E1;4.857558648E0;-1.642724534E0;6.323127270E0;1.683365291E2;5.842210430E1;1.716414438E1
6.996707964E1;5.232992281E1;4.857580037E0;-1.637359912E0;7.249018192E0;1.701778087E2;4.594281053E1;1.307644298E1
7.096708024E1;5.232984950E1;4.857447105E0;-1.631823286E0;7.249018192E0;1.802016907E2;4.946848157E1;1.310440284E1
7.196707988E1;5.232978538E1;4.857446736E0;-1.623161577E0;7.249018192E0;1.802016907E2;4.617109745E1;1.309023225E1
7.296708095E1;5.232969363E1;4.857446209E0;-1.611022664E0;7.422287464E0;1.802016907E2;3.864402863E1;1.132360595E1
7.396708190E1;5.232962948E1;4.857445840E0;-1.611849084E0;7.417025089E0;1.802016907E2;3.074812721E1;1.312533889E1
7.496708286E1;5.232955307E1;4.857445563E0;-1.594736778E0;7.507653236E0;1.800000000E2;2.937908818E1;1.308959318E1
7.596708429E1;5.232949087E1;4.857445563E0;-1.596495262E0;7.417025089E0;1.800000000E2;2.916778618E1;1.307871806E1
7.696708655E1;5.232942338E1;4.857445563E0;-1.597648619E0;7.375527382E0;1.800000000E2;2.910216286E1;1.307697096E1
7.796708739E1;5.232934206E1;4.857445563E0;-1.608762928E0;7.462090015E0;1.800000000E2;2.910424364E1;1.304770858E1
7.896709037E1;5.232926135E1;4.857445563E0;-1.615674651E0;7.824514866E0;1.800000000E2;2.948754286E1;1.303610952E1
7.996709180E1;5.232919867E1;4.857445563E0;-1.617123055E0;7.619657993E0;1.800000000E2;4.051997659E1;1.705042200E1
8.096709406E1;5.232908005E1;4.857445382E0;-1.643612045E0;7.824514866E0;1.801959381E2;3.430266667E1;1.494670110E1
8.196709645E1;5.232890437E1;4.857444402E0;-1.602297323E0;1.039481926E1;1.801959381E2;2.210421810E1;1.104538989E1
8.296709943E1;5.232877071E1;4.857444702E0;-1.552819957E0;1.039481926E1;1.797918549E2;1.526254179E1;9.272038901E0
8.396710193E1;5.232868538E1;4.857445208E0;-1.539610540E0;9.613430023E0;1.797918549E2;1.451105175E1;9.245644694E0
8.496710455E1;5.232860276E1;4.857446322E0;-1.538801055E0;9.234158516E0;1.788192749E2;1.428329662E1;9.244633369E0
8.596710801E1;5.232851329E1;4.857449332E0;-1.533424865E0;9.298148155E0;1.788192749E2;1.457247552E1;9.296640310E0
8.696711111E1;5.232843082E1;4.857450202E0;-1.553280532E0;9.298148155E0;1.797038727E2;1.403718062E1;9.261892385E0
8.796711433E1;5.232834501E1;4.857450897E0;-1.564674266E0;9.088532448E0;1.798426361E2;1.146004521E1;7.698037395E0
8.896711767E1;5.232824973E1;4.857451324E0;-1.558477621E0;9.088532448E0;1.798426361E2;1.134278027E1;7.662617015E0
8.996712112E1;5.232816314E1;4.857451712E0;-1.549789381E0;9.389435768E0;1.798426361E2;1.335573673E1;9.130813059E0
9.096712434E1;5.232806834E1;4.857479269E0;-1.523173600E0;9.477259636E0;1.798426361E2;1.269212311E1;9.122296283E0
9.196712756E1;5.232796876E1;4.857479697E0;-1.526871634E0;9.477259636E0;1.791858368E2;1.606196989E1;1.386063982E1
9.296713150E1;5.232788118E1;4.857476902E0;-1.479153374E0;9.477259636E0;1.791858368E2;1.555892234E1;1.521773023E1
9.396713495E1;5.232780179E1;4.857470555E0;-1.476322604E0;9.371468544E0;1.791858368E2;1.646118609E1;1.624356680E1
9.496713865E1;5.232771784E1;4.857473716E0;-1.461962746E0;9.371468544E0;1.788349457E2;1.522820819E1;1.472536275E1
9.596714199E1;5.232762128E1;4.857483575E0;-1.423964859E0;9.343130112E0;1.790191956E2;1.628910811E1;1.685633711E1
9.696714652E1;5.232754295E1;4.857480463E0;-1.417010021E0;9.188425064E0;1.788723755E2;1.657812235E1;1.689202969E1
9.796714985E1;5.232748053E1;4.857480458E0;-1.398347599E0;8.008735657E0;1.788723755E2;1.784575960E1;1.692980159E1
9.896715403E1;5.232739670E1;4.857488719E0;-1.388353903E0;8.249650002E0;1.800000000E2;1.881014545E1;1.718281402E1
9.996715784E1;5.232732758E1;4.857478014E0;-1.377549164E0;8.008735657E0;1.800000000E2;2.279572022E1;2.025893504E1
1.009671614E2;5.232726065E1;4.857494561E0;-1.379630407E0;7.816429615E0;1.808372345E2;1.808061168E1;2.049144700E1
1.019671663E2;5.232723601E1;4.857491863E0;-1.435557069E0;5.691304207E0;1.808372345E2;1.727836082E1;2.064466338E1
1.029671701E2;5.232718455E1;4.857488808E0;-1.457496591E0;5.691304207E0;1.816280060E2;1.688064904E1;2.076949812E1
1.039671739E2;5.232715431E1;4.857487138E0;-1.380932619E0;5.010707855E0;1.816280060E2;1.902700162E1;2.385470971E1
1.049671783E2;5.232712765E1;4.857486540E0;-1.318210154E0;4.348854065E0;1.813440857E2;1.720050435E1;2.102658255E1
1.059671823E2;5.232711465E1;4.857485975E0;-1.226959584E0;3.370177031E0;1.813440857E2;1.835448444E1;2.112852110E1
1.069671869E2;5.232711437E1;4.857486293E0;-1.170938938E0;3.370177031E0;1.813440857E2;1.974979121E1;2.130175983E1
1.079671913E2;5.232711544E1;4.857487683E0;-1.152143541E0;1.938826919E0;1.813440857E2;2.053923600E1;2.135877881E1
1.089671949E2;5.232709945E1;4.857488016E0;-1.124138868E0;1.764687419E0;1.813440857E2;1.841167683E1;1.807820677E1
1.099671990E2;5.232708976E1;4.857488192E0;-1.085179230E0;1.608230472E0;1.813440857E2;2.268787242E1;2.185556398E1
1.109672041E2;5.232708434E1;4.857488060E0;-1.231480020E0;1.626529694E0;1.813440857E2;3.019907546E1;1.708483188E1
1.119672077E2;5.232708574E1;4.857488376E0;-1.307775911E0;1.626529694E0;1.813440857E2;2.689191997E1;1.491243987E1
1.129672121E2;5.232709081E1;4.857488784E0;-1.341677860E0;1.626529694E0;1.813440857E2;2.370187005E1;1.298271160E1
1.139672164E2;5.232710648E1;4.857490078E0;-1.374918587E0;1.094464898E0;1.813440857E2;2.415993341E1;1.291952368E1
1.149672213E2;5.232710163E1;4.857490239E0;-1.393560774E0;1.275370121E0;1.813440857E2;2.813932143E1;1.469156826E1
1.159672257E2;5.232710534E1;4.857490787E0;-1.409182084E0;1.094464898E0;1.813440857E2;2.456217155E1;1.279490989E1
1.169672298E2;5.232711517E1;4.857491163E0;-1.409182179E0;0.000000000E0;1.813440857E2;2.487468944E1;1.281291326E1
1.179672339E2;5.232710846E1;4.857491173E0;-1.438247585E0;9.090611935E-1;1.813440857E2;2.518967321E1;1.286407631E1
1.189672383E2;5.232710478E1;4.857489714E0;-1.450234570E0;9.809187651E-1;1.813440857E2;2.533757759E1;1.292590585E1
1.199672434E2;5.232709506E1;4.857487954E0;-1.466691285E0;9.210994840E-1;1.813440857E2;2.617925039E1;1.296710712E1
1.209672472E2;5.232709608E1;4.857488487E0;-1.484925080E0;9.210994840E-1;1.813440857E2;1.934419049E1;9.474784359E0
1.219672518E2;5.232708981E1;4.857488696E0;-1.502276348E0;9.850988984E-1;1.813440857E2;2.256637880E1;1.113775577E1
1.229672565E2;5.232709067E1;4.857490095E0;-1.526965779E0;9.866072536E-1;1.813440857E2;2.628429527E1;1.293960233E1
1.239672617E2;5.232708911E1;4.857463573E0;-1.554893957E0;9.866072536E-1;1.813440857E2;2.638248547E1;1.295114182E1
1.249672661E2;5.232706736E1;4.857462861E0;-1.576463286E0;1.260244489E0;1.806280365E2;2.634671630E1;1.296589197E1
1.259672700E2;5.232704720E1;4.857462500E0;-1.592753631E0;1.710683823E0;1.806280365E2;2.721774995E1;1.298502370E1
1.269672743E2;5.232702207E1;4.857462050E0;-1.605513707E0;1.940195680E0;1.806280365E2;3.264190861E1;1.495224661E1
1.279672788E2;5.232696607E1;4.857461048E0;-1.613476537E0;1.940195680E0;1.806280365E2;2.479548106E1;1.124136792E1
1.289672835E2;5.232685612E1;4.857488284E0;-1.618536910E0;3.739439964E0;1.806280360E2;2.354038476E1;1.121143913E1
1.299672880E2;5.232675649E1;4.857486068E0;-1.610078162E0;5.875551224E0;1.800000000E2;2.547937173E1;1.302317220E1
1.309672934E2;5.232666505E1;4.857483693E0;-1.609634478E0;6.431969643E0;1.791329498E2;2.145928320E1;1.126016334E1
1.319672978E2;5.232660251E1;4.857476810E0;-1.593428149E0;6.313177586E0;1.791329498E2;2.188271398E1;1.130430196E1
1.329673021E2;5.232654600E1;4.857490594E0;-1.584872412E0;6.313177586E0;1.791329498E2;2.168549190E1;1.134401179E1
1.339673060E2;5.232649043E1;4.857465133E0;-1.590274810E0;5.803753376E0;1.791329498E2;2.601085547E1;1.324049365E1
1.349673114E2;5.232642048E1;4.857466861E0;-1.582557150E0;6.062532902E0;1.791329498E2;2.703768019E1;1.319824025E1
1.359673153E2;5.232635568E1;4.857468462E0;-1.575661717E0;6.062532902E0;1.791329498E2;2.834408134E1;1.321570564E1
1.369674110E2;5.232625936E1;4.857470093E0;-1.576183637E0;6.099227905E0;1.793948212E2;2.456854652E1;1.138076812E1
1.379668384E2;5.232613803E1;4.857471365E0;-1.558505917E0;8.113050461E0;1.798010254E2;2.410901429E1;1.134694414E1
1.389668128E2;5.232604679E1;4.857471882E0;-1.565601273E0;8.113050461E0;1.798010254E2;2.686534429E1;1.309070265E1
1.399672263E2;5.232593985E1;4.857472489E0;-1.576308182E0;8.113050461E0;1.798010254E2;1.881873924E1;9.612241478E0
1.409665693E2;5.232583398E1;4.857473089E0;-1.572331185E0;8.314497948E0;1.798009949E2;2.485565117E1;1.311182720E1
1.419665244E2;5.232572268E1;4.857473832E0;-1.586726706E0;8.748569489E0;1.794023743E2;2.430516604E1;1.315955391E1
1.429673707E2;5.232562593E1;4.857475479E0;-1.574640156E0;8.645278931E0;1.794023743E2;2.084028810E1;1.134165387E1
1.439673584E2;5.232554406E1;4.857476873E0;-1.574234357E0;8.645278931E0;1.794023743E2;3.361233377E1;1.719539866E1
1.449673030E2;5.232547167E1;4.857478105E0;-1.584938196E0;8.611241341E0;1.794023743E2;3.210895297E1;1.513477820E1
1.459667634E2;5.232539057E1;4.857479138E0;-1.577234105E0;8.253492355E0;1.798937683E2;2.482801575E1;1.138335537E1
1.469661698E2;5.232529867E1;4.857479417E0;-1.583449008E0;8.440434456E0;1.798937683E2;2.376104257E1;1.131381581E1
1.479661105E2;5.232521465E1;4.857479671E0;-1.574810096E0;8.440434456E0;1.798937683E2;1.969386898E1;9.644947796E0
1.489666557E2;5.232512115E1;4.857479954E0;-1.582215281E0;8.440434456E0;1.798937683E2;2.332284995E1;1.134697395E1
1.499664716E2;5.232502580E1;4.857480242E0;-1.574297489E0;8.613843918E0;1.798937683E2;2.000982649E1;9.851473543E0
1.509664164E2;5.232493093E1;4.857480161E0;-1.575677671E0;9.390328407E0;1.801290283E2;2.437856425E1;1.161899437E1
1.519663630E2;5.232485071E1;4.857479869E0;-1.578939350E0;9.014222145E0;1.801290283E2;2.107914112E1;9.847740880E0
1.529663123E2;5.232476112E1;4.857479540E0;-1.556023198E0;9.014222145E0;1.801290283E2;1.810039669E1;8.318800132E0
1.539662654E2;5.232465468E1;4.857479149E0;-1.558222081E0;9.014222145E0;1.801290283E2;2.085094315E1;9.871960257E0
1.549662211E2;5.232455334E1;4.857478776E0;-1.561572304E0;9.124198914E0;1.801290283E2;2.829650037E1;1.340091534E1
1.559661790E2;5.232445218E1;4.857478404E0;-1.574657919E0;9.221430778E0;1.801290283E2;2.776098678E1;1.330993237E1
1.569661400E2;5.232436977E1;4.857478102E0;-1.577247659E0;9.028815269E0;1.801290283E2;2.497238207E1;1.150376503E1
1.579661028E2;5.232429867E1;4.857477840E0;-1.568862576E0;9.028815269E0;1.801290283E2;2.142809437E1;9.825496025E0
1.589660690E2;5.232420703E1;4.857506195E0;-1.599054198E0;8.513360023E0;1.781900940E2;2.112455954E1;9.827519455E0
1.599660361E2;5.232408039E1;4.857514358E0;-1.618559231E0;8.513360023E0;1.767212219E2;2.581090200E1;1.327500181E1
1.609660053E2;5.232396535E1;4.857523797E0;-1.652880047E0;9.590877533E0;1.767212219E2;2.425774090E1;1.325589791E1
1.619659765E2;5.232389176E1;4.857533176E0;-1.628630090E0;8.633286476E0;1.774394989E2;2.718321468E1;1.587156959E1
1.629659499E2;5.232376225E1;4.857511902E0;-1.593609369E0;9.961240768E0;1.794141693E2;2.841797759E1;1.812053223E1
1.639659247E2;5.232366349E1;4.857513372E0;-1.602491620E0;9.961240768E0;1.795200500E2;2.236279512E1;1.471235888E1
1.649659009E2;5.232357390E1;4.857513965E0;-1.587954144E0;9.961240768E0;1.800000000E2;2.185920879E1;1.469942170E1
1.659658788E2;5.232347778E1;4.857513965E0;-1.559346004E0;9.823957443E0;1.800000000E2;2.211845180E1;1.474132292E1
1.669658575E2;5.232338682E1;4.857503108E0;-1.566549118E0;9.436734200E0;1.821487122E2;1.988252158E1;1.267784058E1
1.679658377E2;5.232329232E1;4.857497321E0;-1.562559165E0;9.436734200E0;1.821487122E2;1.618619885E1;1.069858452E1
1.689658194E2;5.232319908E1;4.857491769E0;-1.548975233E0;9.398280144E0;1.817600098E2;1.572871775E1;1.070704456E1
1.699658021E2;5.232312211E1;4.857487909E0;-1.561241844E0;9.044244766E0;1.817600098E2;1.634343622E1;1.076672715E1
1.709657853E2;5.232302107E1;4.857484039E0;-1.652145115E0;9.044244766E0;1.810414886E2;1.375589496E1;1.082725398E1
1.719657692E2;5.232302310E1;4.857484099E0;-1.798208984E0;5.587704060E0;1.810414886E2;1.250276251E2;1.032594214E1
1.729657546E2;5.232298130E1;4.857483158E0;-1.829448798E0;5.227511977E0;1.795124207E2;2.797450294E1;3.864296985E0
1.739657409E2;5.232292251E1;4.857483975E0;-1.753844390E0;4.499457594E0;1.795124207E2;3.716669953E1;6.055977784E0
1.749627281E2;5.232289021E1;4.857484423E0;-1.759027296E0;3.584041446E0;1.795124207E2;3.639110387E1;6.689063340E0
1.759627157E2;5.232288529E1;4.857484460E0;-1.690475071E0;2.074064206E0;1.801347198E2;3.572630505E1;7.455631991E0
1.769627050E2;5.232287118E1;4.857484405E0;-1.669016430E0;1.247011533E0;1.801347198E2;3.510171824E1;8.397710581E0
1.779626937E2;5.232286128E1;4.857484367E0;-1.670711277E0;1.566870419E0;1.801347198E2;3.169464013E1;8.255135953E0
1.789626838E2;5.232283940E1;4.857484284E0;-1.804350574E0;1.478419507E0;1.801347198E2;3.162087283E1;9.000699098E0
1.799626739E2;5.232283095E1;4.857484251E0;-1.807896978E0;1.256544621E0;1.801347198E2;3.150777730E1;8.995720418E0
1.809626646E2;5.232281938E1;4.857484207E0;-1.777368305E0;1.312852630E0;1.801347198E2;3.138979664E1;8.862339248E0
1.819636563E2;5.232278158E1;4.857484062E0;-1.709476842E0;1.893418923E0;1.801347198E2;3.098445563E1;9.350378915E0
1.829636481E2;5.232274985E1;4.857483940E0;-1.737798229E0;1.979677159E0;1.801347198E2;3.086000372E1;9.593693742E0
1.839636406E2;5.232272338E1;4.857483838E0;-1.792186695E0;1.642993252E0;1.801347198E2;3.019272538E1;9.475000714E0
1.849636332E2;5.232269983E1;4.857483748E0;-1.866632223E0;1.884335938E0;1.801347198E2;2.966625648E1;9.542312870E0
1.859636260E2;5.232268112E1;4.857483676E0;-1.903868197E0;2.014083041E0;1.801347198E2;2.966625648E1;1.077806304E1
1.869636198E2;5.232265030E1;4.857483558E0;-1.560961940E0;2.450408348E0;1.801347198E2;2.877647657E1;1.076633056E1
1.879636128E2;5.232259584E1;4.857483349E0;-1.482149802E0;3.626441846E0;1.801347198E2;2.770379026E1;1.061508900E1
1.889636072E2;5.232256855E1;4.857483244E0;-1.321424510E0;3.393893174E0;1.801347198E2;2.687572585E1;1.060664767E1
1.899636023E2;5.232254403E1;4.857483150E0;-1.379183748E0;2.760436819E0;1.801347198E2;2.609459194E1;1.021711207E1
1.909635971E2;5.232252248E1;4.857483067E0;-1.544074751E0;2.384147327E0;1.800000000E2;2.557263554E1;1.005850484E1
1.919635917E2;5.232251640E1;4.857529667E0;-1.638973058E0;1.284709632E0;1.757847290E2;2.557263555E1;1.000623220E1
1.929635872E2;5.232252030E1;4.857532622E0;-1.605537288E0;3.578582719E-1;NaN;2.499545107E1;9.524421200E0
1.939635829E2;5.232251401E1;4.857525439E0;-1.566665413E0;2.934286593E-1;NaN;2.485194593E1;9.128864915E0
1.949635781E2;5.232251490E1;4.857521004E0;-1.604889890E0;2.405240126E-1;NaN;2.431898748E1;8.772305396E0
1.959635737E2;5.232251302E1;4.857513903E0;-1.703480402E0;1.597298274E-1;NaN;2.382932582E1;8.473294878E0
1.969635700E2;5.232250337E1;4.857517213E0;-1.743050693E0;0.000000000E0;NaN;2.347003472E1;8.444300322E0
1.979635665E2;5.232250337E1;4.857517213E0;-1.743050693E0;0.000000000E0;NaN;2.332968460E1;8.433202049E0
1.989635630E2;5.232250337E1;4.857517213E0;-1.743050693E0;0.000000000E0;NaN;2.286150784E1;7.559019302E0
1.999635596E2;5.232250337E1;4.857517213E0;-1.743050693E0;0.000000000E0;NaN;2.237486754E1;7.023177089E0
2.009635566E2;5.232250337E1;4.857517213E0;-1.743050693E0;0.000000000E0;NaN;2.185949021E1;6.621209728E0
2.019635533E2;5.232250337E1;4.857517213E0;-1.743050693E0;0.000000000E0;NaN;2.143567865E1;6.322060231E0
2.029635501E2;5.232250337E1;4.857517213E0;-1.743050693E0;0.000000000E0;NaN;2.164158575E1;6.359196647E0
2.039635475E2;5.232250337E1;4.857517213E0;-1.743050693E0;0.000000000E0;NaN;2.149131434E1;6.237102022E0
2.049635446E2;5.232250337E1;4.857517213E0;-1.743050693E0;0.000000000E0;NaN;2.146108219E1;6.169665293E0
2.059635420E2;5.232250337E1;4.857517213E0;-1.743050693E0;0.000000000E0;NaN;2.165956354E1;6.389650385E0
2.069635391E2;5.232250337E1;4.857517213E0;-1.743050693E0;0.000000000E0;NaN;2.141957748E1;6.254988675E0
2.079635367E2;5.232250337E1;4.857517213E0;-1.743050693E0;0.000000000E0;NaN;2.151938459E1;6.189569427E0
2.089635350E2;5.232250337E1;4.857517213E0;-1.743050693E0;0.000000000E0;NaN;2.117734022E1;6.039784099E0
2.099635323E2;5.232250337E1;4.857517213E0;-1.743050693E0;0.000000000E0;NaN;2.070487226E1;5.918423066E0
2.109635307E2;5.232250337E1;4.857517213E0;-1.743050693E0;0.000000000E0;2.678048722E2;2.050235997E1;5.911769951E0
2.119635278E2;5.232250337E1;4.857517213E0;-1.743050693E0;0.000000000E0;2.646553472E2;2.031209922E1;5.847926564E0
2.129635255E2;5.232250337E1;4.857517213E0;-1.743050693E0;0.000000000E0;2.646553472E2;2.007647011E1;5.727878304E0
2.139635245E2;5.232250337E1;4.857517213E0;-1.743050693E0;0.000000000E0;NaN;1.964853768E1;5.581299712E0
2.149635220E2;5.232250913E1;4.857517917E0;-2.306037560E0;1.439612537E-1;NaN;1.961228978E1;5.596954375E0
2.159635206E2;5.232250506E1;4.857505169E0;-2.403812067E0;5.838027504E-1;2.498299335E2;1.967298805E1;5.511321903E0
2.169635183E2;5.232249868E1;4.857508395E0;-2.395453955E0;0.000000000E0;2.023815337E2;1.944788953E1;5.444074124E0
2.179635172E2;5.232247196E1;4.857506484E0;-2.380092419E0;1.625206271E0;1.898623387E2;1.936474810E1;5.563917806E0
2.189635153E2;5.232244056E1;4.857504019E0;-2.234482034E0;2.646271372E0;1.868408375E2;1.921693867E1;5.460372340E0
2.199635135E2;5.232240401E1;4.857517758E0;-1.587519782E0;3.430380549E0;1.765106338E2;1.896477980E1;5.246858331E0
2.209635115E2;5.232236200E1;4.857525171E0;-1.035207642E0;4.290321716E0;1.762916772E2;1.874439042E1;5.277113801E0
2.219635102E2;5.232231589E1;4.857519821E0;-1.436273240E0;4.748024682E0;1.794281571E2;1.870537134E1;5.250798730E0
2.229635086E2;5.232226486E1;4.857493131E0;-1.725420784E0;5.359162702E0;1.908163066E2;1.837401058E1;4.959756686E0
2.239635072E2;5.232220206E1;4.857481978E0;-1.816705842E0;6.199576711E0;1.883719578E2;1.772388169E1;4.544755337E0
2.249635057E2;5.232214960E1;4.857477277E0;-2.172299358E0;6.030219844E0;1.858051802E2;1.768380615E1;4.396273515E0
2.259635036E2;5.232209644E1;4.857474776E0;-1.257082446E0;6.103551010E0;1.858793455E2;1.741310790E1;4.102509023E0
2.269635025E2;5.232203890E1;4.857473818E0;-1.845930925E0;6.170463583E0;1.839740084E2;1.715698539E1;3.998804422E0
2.279635013E2;5.232201134E1;4.857473190E0;-2.121629213E0;4.497932854E0;1.818188281E2;1.707081797E1;3.901845836E0
2.289634995E2;5.232198227E1;4.857484710E0;-2.512805924E0;3.610481723E0;1.755716194E2;1.686661090E1;3.720953707E0
2.299634985E2;5.232194609E1;4.857494126E0;-1.788445801E0;3.726122666E0;1.770124276E2;1.644581528E1;3.553150141E0
2.309634972E2;5.232190064E1;4.857495617E0;-2.376474205E0;4.284957642E0;1.791126818E2;1.606679347E1;3.482103000E0
2.319634961E2;5.232185061E1;4.857537725E0;-2.632895851E0;4.513507286E0;1.624907767E2;1.603888737E1;4.581274861E0
2.329634948E2;5.232178948E1;4.857546257E0;-1.430921013E0;5.225844641E0;1.692318100E2;1.571392266E1;4.568495395E0
2.339634929E2;5.232171628E1;4.857493102E0;-1.943834613E0;6.390782811E0;1.846137390E2;1.478903674E1;4.355737180E0
2.349634920E2;5.232162858E1;4.857476556E0;-1.700185396E0;7.985435988E0;1.857946167E2;1.545857328E1;4.834279757E0
2.359634910E2;5.232154311E1;4.857458555E0;-3.524451874E0;8.710969686E0;1.840347443E2;1.501146889E1;4.702740441E0
2.369634897E2;5.232144305E1;4.857448447E0;-2.443830320E0;9.467106344E0;1.829594421E2;1.518244429E1;4.902692659E0
2.379634880E2;5.232134148E1;4.857442234E0;-1.511532994E0;1.001583434E1;1.819659119E2;1.518244433E1;5.040900655E0
2.389634871E2;5.232123495E1;4.857436292E0;3.427919587E-1;1.058711324E1;1.826238251E2;1.795732025E1;6.160552018E0
2.399634863E2;5.232112839E1;4.857428092E0;-1.637117426E0;1.114273549E1;1.844411621E2;1.699997444E1;5.962741676E0
2.409634842E2;5.232101900E1;4.857418229E0;-1.333295424E0;1.147649004E1;1.828641357E2;1.487475630E1;5.127011503E0
2.419634838E2;5.232090820E1;4.857410225E0;-1.620355534E0;1.165034399E1;1.818005981E2;1.441099357E1;4.785291264E0
2.429634819E2;5.232078866E1;4.857403591E0;-1.495285741E0;1.227405161E1;1.821480255E2;1.225254802E1;3.993107040E0
2.439634809E2;5.232067784E1;4.857396807E0;-8.390702056E-1;1.221521789E1;1.821480255E2;1.223412234E1;4.068473925E0
2.449634805E2;5.232055788E1;4.857387626E0;-1.324353709E0;1.256420224E1;1.831767578E2;1.141817236E1;5.173606621E0
2.459634790E2;5.232043892E1;4.857376850E0;-2.958407266E0;1.271508077E1;1.831771240E2;1.349626547E1;5.860065858E0
2.469634777E2;5.232032499E1;4.857366448E0;-2.948390579E0;1.271403104E1;1.832164917E2;1.407196443E1;5.907767946E0
2.479634770E2;5.232021497E1;4.857357227E0;-2.934321580E0;1.254736074E1;1.829830627E2;1.628340577E1;6.737905182E0
2.489634759E2;5.232009390E1;4.857369389E0;-3.093044759E0;1.286728595E1;1.827681427E2;1.377450947E1;5.483134558E0
2.499634743E2;5.231998092E1;4.857352601E0;-2.379117217E0;1.275151533E1;1.827681427E2;1.677424092E1;6.435424113E0
2.509634728E2;5.231986423E1;4.857355166E0;-1.212540598E0;1.270473539E1;1.831206055E2;1.448826609E1;5.348796381E0
2.519634725E2;5.231974042E1;4.857317712E0;-8.018642887E-1;1.318844464E1;1.831206055E2;1.238742830E1;4.403175416E0
2.529634712E2;5.231961865E1;4.857306643E0;-9.216540353E-1;1.346217960E1;1.832221527E2;1.109165645E1;4.878546928E0
2.539634702E2;5.231949296E1;4.857295200E0;-2.792538049E0;1.367967437E1;1.830137634E2;1.026371115E1;4.011909641E0
2.549634684E2;5.231936569E1;4.857308315E0;-2.611442596E0;1.379441489E1;1.830137634E2;1.255886813E1;4.536666366E0
2.559634681E2;5.231923760E1;4.857273260E0;-2.104944069E0;1.387293247E1;1.830137634E2;1.479868431E1;5.212445501E0
2.569634670E2;5.231912169E1;4.857233798E0;-2.127060499E0;1.368382472E1;1.835261841E2;8.787930463E0;3.328149709E0
2.579634659E2;5.231899743E1;4.857227973E0;-3.809199259E-1;1.366068282E1;1.834935760E2;8.787930357E0;3.000000000E0
2.589634652E2;5.231886940E1;4.857217729E0;-1.611683844E-1;1.380175277E1;1.834935760E2;5.447397492E0;3.000000000E0
2.599634639E2;5.231873804E1;4.857206973E0;-1.763175074E0;1.400769956E1;1.831933289E2;5.100400890E0;3.000000000E0
2.609634622E2;5.231861426E1;4.857213133E0;-3.145883000E-1;1.384844970E1;1.835553436E2;5.955617925E0;3.000000000E0
2.619634619E2;5.231848721E1;4.857206477E0;-2.145164865E0;1.384346432E1;1.835553436E2;6.527974754E0;3.000000000E0
2.629638115E2;5.231836775E1;4.857186105E0;-2.486885941E0;1.359245090E1;1.831168060E2;6.803375651E0;3.000000000E0
2.639636585E2;5.231823547E1;4.857180263E0;-2.785410054E0;1.381106297E1;1.833873749E2;7.096051813E0;3.000000000E0
2.649636577E2;5.231810989E1;4.857185115E0;-2.939534588E0;1.369069727E1;1.833873749E2;7.176249714E0;3.000000000E0
2.659643006E2;5.231799265E1;4.857128530E0;-1.215552147E0;1.352641704E1;1.833873749E2;4.251731913E0;3.000000000E0
2.669639891E2;5.231787619E1;4.857129986E0;1.327822708E0;1.318831496E1;1.833033295E2;4.524040323E0;3.000000000E0
2.679639887E2;5.231776197E1;4.857127658E0;-3.170378081E0;1.293346779E1;1.833033295E2;5.082555539E0;3.000000000E0
2.689638307E2;5.231765033E1;4.857120677E0;-3.757912942E0;1.268962189E1;1.836458130E2;5.496352235E0;3.000000000E0
2.699635652E2;5.231754547E1;4.857127771E0;-1.350523830E0;1.220244361E1;1.835253448E2;5.491799915E0;3.000000000E0
2.709635638E2;5.231743944E1;4.857108070E0;-2.617676562E0;1.192647204E1;1.829397430E2;5.489242083E0;3.000000000E0
2.719636674E2;5.231733597E1;4.857108435E0;-2.444272372E0;1.152288153E1;1.829397430E2;5.556788558E0;3.000000000E0
2.729643666E2;5.231723600E1;4.857086231E0;-4.667843380E0;1.118411322E1;1.841724091E2;5.785155121E0;3.000000000E0
2.739643660E2;5.231715101E1;4.857069868E0;-4.396724115E0;1.048648408E1;1.843155518E2;5.928871306E0;3.000000000E0
2.749635123E2;5.231705800E1;4.857079664E0;-2.648386101E0;1.034037371E1;1.831591797E2;6.125414323E0;3.000000000E0
2.759634204E2;5.231697003E1;4.857074292E0;-2.556180635E0;1.017122931E1;1.831591797E2;6.190759135E0;3.000000000E0
2.769634196E2;5.231688482E1;4.857027675E0;-1.974276001E0;1.013470895E1;1.831591797E2;4.182079948E0;3.000000000E0
2.779634180E2;5.231678527E1;4.857019328E0;-3.332841000E0;1.031473132E1;1.831591797E2;4.347929954E0;3.000000000E0
2.789634173E2;5.231669536E1;4.857002982E0;-3.553350707E0;1.015987115E1;1.821024323E2;4.525130649E0;3.000000000E0
2.799634157E2;5.231660985E1;4.856997493E0;-2.601492444E0;9.925130973E0;1.830795135E2;4.877546361E0;3.000000000E0
2.809634150E2;5.231652687E1;4.856992937E0;-2.270971423E0;9.515832046E0;1.824720612E2;5.222151823E0;3.000000000E0
2.819634138E2;5.231645010E1;4.856975947E0;-2.752386844E0;8.980974880E0;1.814273834E2;5.645974864E0;3.000000000E0
2.829634126E2;5.231639127E1;4.856963391E0;-2.825674186E0;7.842584953E0;1.814273834E2;6.002444016E0;3.000000000E0
2.839634123E2;5.231632791E1;4.856951606E0;-2.802616450E0;7.297869949E0;1.830724030E2;6.593986210E0;3.000000000E0
2.849634105E2;5.231628851E1;4.856973629E0;-3.137102674E0;5.990569098E0;1.830724030E2;7.015112794E0;3.000000000E0
2.859634098E2;5.231625003E1;4.856984807E0;-2.577759132E0;5.029314515E0;1.830724030E2;4.466978719E0;3.000000000E0
2.869634087E2;5.231622731E1;4.856984373E0;-2.582127720E0;3.839393525E0;1.830724030E2;4.789953376E0;3.000000000E0
2.879634080E2;5.231622725E1;4.856985349E0;-2.469813546E0;2.510813580E0;1.830724030E2;5.141698080E0;3.000000000E0
2.889634070E2;5.231623564E1;4.856985171E0;-3.850966241E0;1.666940312E0;1.830724030E2;5.363022663E0;3.000000000E0
2.899634061E2;5.231623797E1;4.856990688E0;-3.425300368E0;1.083021740E0;1.830724030E2;5.417689063E0;3.000000000E0
2.909634044E2;5.231623979E1;4.856998622E0;-2.707568693E0;6.822497109E-1;1.830724030E2;5.595244155E0;3.000000000E0
2.919634041E2;5.231624304E1;4.857000056E0;-2.721827022E0;2.509892021E-1;1.830724030E2;5.668018417E0;3.000000000E0
2.929634032E2;5.231624282E1;4.856999712E0;-2.666736973E0;3.225979863E-2;1.830724030E2;5.587375226E0;3.000000000E0
2.939634014E2;5.231624000E1;4.856999003E0;-2.431952747E0;7.376972348E-2;1.830724030E2;5.599717685E0;3.000000000E0
2.949634011E2;5.231623492E1;4.857000643E0;-2.280972469E0;1.412737437E-1;1.830724030E2;5.654878439E0;3.000000000E0
2.959633999E2;5.231623087E1;4.857003152E0;-2.232100653E0;1.717225655E-1;1.830724030E2;5.722436057E0;3.000000000E0
2.969633983E2;5.231622598E1;4.857014211E0;-2.652524877E0;2.464416129E-1;1.830724030E2;5.731480858E0;3.000000000E0
2.979633973E2;5.231622640E1;4.857014537E0;-2.726153572E0;0.000000000E0;1.830724030E2;5.821053189E0;3.000000000E0
2.989633968E2;5.231622563E1;4.856995291E0;-2.978747868E0;2.313625485E-1;1.830724030E2;5.832023041E0;3.000000000E0
2.999633952E2;5.231621940E1;4.856994546E0;-3.050061067E0;2.390622797E-1;1.840981140E2;5.960362644E0;3.000000000E0
3.009633945E2;5.231620981E1;4.856993425E0;-2.793125858E0;3.583156673E-1;1.840981140E2;5.867131610E0;3.000000000E0
3.019633938E2;5.231620490E1;4.856992851E0;-2.785656800E0;3.536985528E-1;1.840981140E2;5.686942246E0;3.000000000E0
3.029633926E2;5.231620945E1;4.856993383E0;-3.071465081E0;3.451283593E-1;1.840981140E2;5.684870670E0;3.000000000E0
3.039633918E2;5.231620118E1;4.856982382E0;-3.818305559E0;9.745731257E-1;1.840981140E2;5.248987791E0;3.000000000E0
3.049633900E2;5.231617266E1;4.856972413E0;-3.190284426E0;1.941818716E0;1.840981140E2;5.149327869E0;3.000000000E0
3.059633889E2;5.231613173E1;4.856956286E0;-1.602602402E0;2.864371357E0;1.840981140E2;4.998866558E0;3.000000000E0
3.069633882E2;5.231607790E1;4.856950894E0;-1.599867292E0;3.771372542E0;1.847412109E2;5.001189721E0;3.000000000E0
3.079633873E2;5.231601626E1;4.856951595E0;-1.387439420E0;4.853591334E0;1.847412109E2;5.210510753E0;3.000000000E0
3.089633859E2;5.231595431E1;4.856949640E0;-1.417108101E0;5.505144184E0;1.847412109E2;5.550593858E0;3.000000000E0
3.099633855E2;5.231589468E1;4.856948601E0;-1.618941666E0;5.730206169E0;1.925786591E2;6.028348639E0;3.000000000E0
3.109633849E2;5.231582133E1;4.856948156E0;-1.342875533E0;6.351421572E0;1.943919067E2;5.925781990E0;3.000000000E0
3.119633831E2;5.231576821E1;4.856897575E0;-9.899405465E-1;6.288538962E0;1.953320160E2;6.125825955E0;3.000000000E0
3.129633822E2;5.231572538E1;4.856878412E0;-1.826860815E0;5.795186286E0;1.953320160E2;6.350145891E0;3.000000000E0
3.139633813E2;5.231569895E1;4.856865282E0;-2.368804721E0;5.299961664E0;1.966608276E2;6.561849099E0;3.000000000E0
3.149633809E2;5.231569007E1;4.856860947E0;-2.994503399E0;4.225601392E0;1.966608276E2;6.383108062E0;3.000000000E0
3.159633797E2;5.231566152E1;4.856847001E0;-3.536930392E0;4.265964267E0;1.966608276E2;6.525677552E0;3.000000000E0
3.169633785E2;5.231561940E1;4.856825104E0;-2.134901159E0;4.529799218E0;1.979805145E2;6.794903528E0;3.000000000E0
3.179633771E2;5.231556639E1;4.856797032E0;-1.259914741E0;4.856347686E0;1.979805145E2;7.036419710E0;3.000000000E0
3.189633759E2;5.231550502E1;4.856785794E0;-1.508841901E0;5.195155689E0;1.979805145E2;7.098883573E0;3.000000000E0
3.199633756E2;5.231548368E1;4.856660461E0;-1.273015467E0;4.946886487E0;1.992271729E2;7.221624712E0;3.000000000E0
3.209633746E2;5.231541680E1;4.856752836E0;-3.891116532E0;4.777338448E0;1.867458119E2;7.471357970E0;3.000000000E0
3.219633729E2;5.231536730E1;4.856754879E0;-3.537754633E0;5.099867275E0;1.818843925E2;7.458687997E0;3.000000000E0
3.229633720E2;5.231530883E1;4.856776069E0;-1.394283789E0;5.783072764E0;1.774132525E2;7.409062002E0;3.000000000E0
3.239633716E2;5.231523673E1;4.856796825E0;-2.803062049E0;6.814590426E0;1.792418206E2;7.633414417E0;3.000000000E0
3.249633696E2;5.231515782E1;4.856825020E0;-2.378366331E0;7.531873413E0;1.783827313E2;7.631071857E0;3.000000000E0
3.259633688E2;5.231506780E1;4.856827130E0;-1.987039776E0;8.473648658E0;1.787416989E2;7.421495709E0;3.000000000E0
3.269633679E2;5.231497571E1;4.856764716E0;-1.151721174E0;9.175015782E0;1.823399963E2;7.187341473E0;3.000000000E0
3.279633667E2;5.231488466E1;4.856758645E0;-2.923299607E0;9.845572205E0;1.823399963E2;7.060837888E0;3.000000000E0
3.289633658E2;5.231478760E1;4.856752174E0;-1.783540472E0;1.024158154E1;1.823399963E2;6.743675683E0;3.000000000E0
3.299633656E2;5.231468361E1;4.856745240E0;-2.408503457E0;1.071046927E1;1.823399963E2;6.533941553E0;3.000000000E0
3.309633641E2;5.231459669E1;4.856723947E0;-1.752790444E0;1.057412862E1;1.823399963E2;3.725330404E0;3.000000000E0
3.319633631E2;5.231450320E1;4.856714705E0;-2.225837707E0;1.051318157E1;1.823399963E2;3.867491955E0;3.000000000E0
3.329633621E2;5.231441292E1;4.856708225E0;-1.655899271E0;1.027421354E1;1.823399963E2;4.402470397E0;3.000000000E0
3.339633608E2;5.231431825E1;4.856703602E0;-1.446740877E0;1.028125881E1;1.822082977E2;5.082417394E0;3.000000000E0
3.349633603E2;5.231423055E1;4.856696521E0;-2.140757749E0;1.001213245E1;1.822082977E2;5.352029042E0;3.000000000E0
3.359633589E2;5.231416332E1;4.856701486E0;-1.968384547E0;9.114343679E0;1.822082977E2;5.757129615E0;3.000000000E0
3.369633577E2;5.231407966E1;4.856690240E0;-3.079237747E0;9.184797354E0;1.822082977E2;5.975157845E0;3.000000000E0
3.379633570E2;5.231398958E1;4.856702177E0;-2.918174363E0;9.350323767E0;1.822082977E2;6.232467895E0;3.000000000E0
3.389633565E2;5.231389141E1;4.856696261E0;-2.351024807E0;9.708183665E0;1.834105682E2;6.355334576E0;3.000000000E0
3.399633549E2;5.231379496E1;4.856695174E0;-2.054699706E0;1.006373078E1;1.834105682E2;6.438585335E0;3.000000000E0
3.409633538E2;5.231370388E1;4.856699698E0;7.514628954E-2;9.935609522E0;1.850214081E2;6.405565203E0;3.000000000E0
3.419633529E2;5.231360928E1;4.856666052E0;1.125377380E0;1.002245221E1;1.808694305E2;4.452204798E0;3.000000000E0
3.429633516E2;5.231353035E1;4.856663787E0;-1.506073973E0;9.623101525E0;1.822192230E2;4.669186206E0;3.000000000E0
3.439633515E2;5.231344219E1;4.856661365E0;-1.825667349E0;9.762427585E0;1.800000000E2;5.131108638E0;3.000000000E0
3.449633502E2;5.231334608E1;4.856664362E0;-3.935655507E0;1.011031878E1;1.778029938E2;5.423890801E0;3.000000000E0
3.459633484E2;5.231324651E1;4.856671430E0;-7.030797663E0;1.045266759E1;1.802929993E2;5.814738104E0;3.000000000E0
3.469633484E2;5.231313578E1;4.856662743E0;-5.853224566E0;1.115404302E1;1.812137604E2;6.087150054E0;3.000000000E0
3.479633464E2;5.231303338E1;4.856649577E0;-5.703494012E0;1.123655465E1;1.812137604E2;6.551794552E0;3.000000000E0
3.489633460E2;5.231293073E1;4.856660628E0;-5.274178850E0;1.114896813E1;1.812137604E2;6.715843628E0;3.000000000E0
3.499633447E2;5.231284060E1;4.856664230E0;-3.939267316E0;1.075039953E1;1.812114410E2;6.816486764E0;3.000000000E0
3.509633434E2;5.231274902E1;4.856661862E0;-3.318683721E0;1.051187861E1;1.812114410E2;6.814041287E0;3.000000000E0
3.519633425E2;5.231265144E1;4.856665232E0;-3.911674894E0;1.048975757E1;1.812114410E2;6.684723248E0;3.000000000E0
3.529633416E2;5.231255703E1;4.856646285E0;-5.175522966E0;1.051322960E1;1.812114410E2;6.661221219E0;3.000000000E0
3.539633408E2;5.231245549E1;4.856657276E0;-3.734317446E0;1.073535050E1;1.812114410E2;6.434031097E0;3.000000000E0
3.549633400E2;5.231235973E1;4.856639378E0;-4.439525840E0;1.073961928E1;1.812114410E2;6.386317801E0;3.000000000E0
3.559633393E2;5.231225799E1;4.856642824E0;-4.518193865E0;1.089853206E1;1.811579437E2;6.192577186E0;3.000000000E0
3.569633383E2;5.231215334E1;4.856644103E0;-8.028117912E0;1.065943360E1;1.814592590E2;4.890859885E0;3.000000000E0
3.579633368E2;5.231206145E1;4.856640517E0;-5.731434445E0;1.036365967E1;1.814592590E2;6.264162321E0;3.000000000E0
3.589633361E2;5.231197260E1;4.856603680E0;-5.162887618E0;1.047831877E1;1.814592590E2;7.021987591E0;3.995760565E0
3.599633347E2;5.231189284E1;4.856601803E0;-5.061632657E0;9.845277780E0;1.809435272E2;7.427675981E0;4.400656442E0
3.609633335E2;5.231180334E1;4.856603845E0;-4.031314183E0;9.830614922E0;1.809435272E2;7.673175929E0;4.384519314E0
3.619633329E2;5.231171946E1;4.856603810E0;-3.576884697E0;9.384173378E0;1.809435272E2;5.282743808E0;3.000000000E0
3.629633319E2;5.231164115E1;4.856600434E0;-3.153665368E0;8.718591653E0;1.806184235E2;3.929703005E0;3.000000000E0
3.639633299E2;5.231157026E1;4.856593123E0;-5.341658430E0;7.901124285E0;1.806184235E2;3.438788394E0;3.000000000E0
3.649633298E2;5.231151502E1;4.856596302E0;-4.046137341E0;6.805774016E0;1.806184235E2;3.823468419E0;3.000000000E0
3.659633287E2;5.231146906E1;4.856597653E0;-3.542041983E0;5.708224943E0;1.806734009E2;4.184119282E0;3.000000000E0
3.669633273E2;5.231142502E1;4.856590963E0;-3.797885199E0;5.038663335E0;1.806734009E2;4.485585847E0;3.000000000E0
3.679633266E2;5.231138283E1;4.856576903E0;-3.319303752E0;4.573394018E0;1.806734009E2;4.857717022E0;3.000000000E0
3.689633251E2;5.231134754E1;4.856582925E0;-2.519741216E0;3.931571000E0;1.806734009E2;5.114604257E0;3.000000000E0
3.699633244E2;5.231132311E1;4.856576283E0;-3.136086900E0;3.154590530E0;1.806734009E2;5.530222844E0;3.000000000E0
3.709633235E2;5.231130191E1;4.856572164E0;-2.529851762E0;2.413726885E0;1.806734009E2;5.698491865E0;3.000000000E0
3.719633228E2;5.231128873E1;4.856580880E0;-2.037839654E0;1.421979502E0;1.813124542E2;5.849880781E0;3.000000000E0
3.729633218E2;5.231128297E1;4.856589879E0;-2.327501023E0;3.703414687E-1;1.813124542E2;5.732153728E0;3.000000000E0
3.739633209E2;5.231128348E1;4.856589218E0;-3.007205286E0;8.112957640E-2;1.813124542E2;5.722649222E0;3.000000000E0
3.749633198E2;5.231128222E1;4.856591847E0;-2.640152019E0;9.641291080E-2;1.813124542E2;5.782852977E0;3.000000000E0
3.759633187E2;5.231128076E1;4.856592243E0;-2.515193926E0;9.585984628E-2;1.813124542E2;5.815078513E0;3.000000000E0
3.769633176E2;5.231128127E1;4.856591923E0;-2.514822480E0;0.000000000E0;1.813124542E2;5.714483837E0;3.000000000E0
3.779633167E2;5.231128127E1;4.856591923E0;-2.514822480E0;0.000000000E0;1.813124542E2;5.667892542E0;3.000000000E0
3.789633151E2;5.231128127E1;4.856591923E0;-2.514822480E0;0.000000000E0;1.813124542E2;5.627532934E0;3.000000000E0
3.799633144E2;5.231128127E1;4.856591923E0;-2.514822480E0;0.000000000E0;1.813124542E2;5.055985363E0;3.000000000E0
3.809633137E2;5.231128127E1;4.856591923E0;-2.514822480E0;0.000000000E0;1.813124542E2;4.188038918E0;3.000000000E0
3.819633118E2;5.231128127E1;4.856591923E0;-2.514822480E0;0.000000000E0;1.813124542E2;3.796311637E0;3.000000000E0
3.829633110E2;5.231128829E1;4.856586959E0;-2.674878271E0;0.000000000E0;1.813124542E2;3.709721825E0;3.000000000E0
3.839633099E2;5.231128783E1;4.856588842E0;-2.677931012E0;0.000000000E0;1.813124542E2;3.621892629E0;3.000000000E0
3.849633090E2;5.231128783E1;4.856588842E0;-2.677931012E0;0.000000000E0;1.813124542E2;3.529730623E0;3.000000000E0
3.859633087E2;5.231128502E1;4.856588228E0;-2.700352691E0;0.000000000E0;1.813124542E2;3.468064578E0;3.000000000E0
3.869633075E2;5.231128054E1;4.856587721E0;-2.686690835E0;2.274520405E-1;1.813124542E2;3.437471541E0;3.000000000E0
3.879633061E2;5.231128106E1;4.856587155E0;-2.699801433E0;0.000000000E0;1.813124542E2;3.463194340E0;3.000000000E0
3.889644700E2;5.231127553E1;4.856588342E0;-2.667264760E0;3.016833589E-1;1.813124542E2;3.545764707E0;3.000000000E0
3.899632748E2;5.231127560E1;4.856587462E0;-2.682709523E0;0.000000000E0;1.813124542E2;3.690498800E0;3.000000000E0
3.909632738E2;5.231126895E1;4.856591827E0;-2.706218361E0;8.884516070E-1;1.813124542E2;3.875152628E0;3.000000000E0
3.919639361E2;5.231125504E1;4.856593986E0;-2.641106010E0;1.349195801E0;1.813124542E2;4.076437895E0;3.000000000E0
3.929632941E2;5.231124436E1;4.856595418E0;-2.606255642E0;1.338945535E0;1.813124542E2;4.315380657E0;3.000000000E0
3.939632924E2;5.231123278E1;4.856596285E0;-2.561585175E0;1.315789290E0;1.813124542E2;4.504562223E0;3.000000000E0
3.949637821E2;5.231122084E1;4.856596750E0;-2.971766418E0;1.997106503E0;1.813124542E2;4.837732429E0;3.000000000E0
3.959638163E2;5.231119677E1;4.856608864E0;-3.248572906E0;3.133356590E0;1.816745911E2;5.047083877E0;3.000000000E0
3.969638150E2;5.231116118E1;4.856616081E0;-2.530258140E0;4.424861270E0;1.816745911E2;5.300999566E0;3.000000000E0
3.979642621E2;5.231111443E1;4.856595334E0;-2.639533751E0;5.637448304E0;1.816745911E2;5.631928062E0;3.000000000E0
3.989636697E2;5.231105735E1;4.856592612E0;-2.461920477E0;6.552750045E0;1.816745911E2;5.916707842E0;3.000000000E0
3.999636691E2;5.231099418E1;4.856592323E0;-1.632704839E0;7.310096644E0;1.812268524E2;6.144800022E0;3.000000000E0
4.009644281E2;5.231091439E1;4.856589535E0;-2.536045985E0;8.136652669E0;1.812268524E2;6.395403418E0;3.000000000E0
4.019640249E2;5.231084313E1;4.856587045E0;-2.389620173E0;8.663442062E0;1.812268524E2;5.609194602E0;3.000000000E0
4.029640245E2;5.231077639E1;4.856584712E0;-1.680758072E0;8.948138296E0;1.812268524E2;4.912077719E0;3.000000000E0
4.039640226E2;5.231067437E1;4.856581147E0;-1.975732238E0;9.723490407E0;1.812268524E2;6.193090410E0;3.000000000E0
4.049640217E2;5.231059991E1;4.856574595E0;-2.477298188E0;9.950886983E0;1.812268524E2;6.930486662E0;3.000000000E0
4.059640214E2;5.231050638E1;4.856565237E0;-2.713664148E0;1.033670812E1;1.812268524E2;7.412849235E0;3.324731079E0
4.069640205E2;5.231041583E1;4.856560656E0;-2.510651907E0;1.055262906E1;1.812268524E2;7.664245354E0;3.399278853E0
4.079640185E2;5.231032304E1;4.856553226E0;-2.867499159E0;1.078422404E1;1.812269897E2;7.808063976E0;3.382694060E0
4.089640183E2;5.231023034E1;4.856550054E0;-2.685233429E0;1.088505115E1;1.812269897E2;7.891870733E0;3.314551225E0
4.099640173E2;5.231013741E1;4.856547290E0;-2.612745634E0;1.084896890E1;1.810140533E2;7.939090825E0;3.246809257E0
4.109640155E2;5.231003886E1;4.856544664E0;-2.655162281E0;1.092445548E1;1.810140533E2;7.966468404E0;3.201131168E0
4.119640148E2;5.230993209E1;4.856540137E0;-2.565005599E0;1.117115389E1;1.810140533E2;7.982152569E0;3.111648263E0
4.129640138E2;5.230983692E1;4.856539066E0;-2.274987971E0;1.123039494E1;1.810140533E2;7.990037836E0;3.000000000E0
4.139640130E2;5.230974047E1;4.856537362E0;-2.290847855E0;1.129055673E1;1.818551941E2;7.994465114E0;3.000000000E0
4.149640114E2;5.230962870E1;4.856533756E0;-2.630535908E0;1.162711260E1;1.811765289E2;7.997117320E0;3.000000000E0
4.159640110E2;5.230952122E1;4.856531803E0;-2.609274133E0;1.164156700E1;1.811765289E2;7.998484932E0;3.000000000E0
4.169640102E2;5.230942413E1;4.856527459E0;-2.863203671E0;1.119398974E1;1.811765289E2;7.999177954E0;3.000000000E0
4.179640092E2;5.230933267E1;4.856523096E0;-2.984525629E0;1.073922464E1;1.811765289E2;7.999542915E0;3.000000000E0
4.189640075E2;5.230924403E1;4.856518433E0;-3.241351376E0;1.024150268E1;1.807903137E2;7.999741929E0;3.000000000E0
4.199640067E2;5.230915654E1;4.856514222E0;-3.365617204E0;9.864693210E0;1.807903137E2;7.999853206E0;3.000000000E0
4.209640062E2;5.230905967E1;4.856511136E0;-3.149583941E0;9.633914647E0;1.807903137E2;7.999919355E0;3.000000000E0
4.219640045E2;5.230897032E1;4.856507325E0;-3.121838230E0;9.151166712E0;1.807903137E2;7.999954789E0;3.000000000E0
4.229640034E2;5.230889471E1;4.856501903E0;-2.960826254E0;8.330112234E0;1.817147369E2;5.543698751E0;3.000000000E0
4.239640028E2;5.230882549E1;4.856495567E0;-3.074236603E0;7.516206997E0;1.817147369E2;4.151681295E0;3.000000000E0
4.249640013E2;5.230876367E1;4.856490066E0;-3.213884640E0;6.731294424E0;1.817147369E2;3.908503102E0;3.000000000E0
4.259640002E2;5.230870978E1;4.856492350E0;-2.808814574E0;5.495459906E0;1.817147369E2;3.779823564E0;3.000000000E0
4.269639993E2;5.230866333E1;4.856489887E0;-3.334081343E0;5.054162557E0;1.803163757E2;3.787868549E0;3.000000000E0
4.279639989E2;5.230861331E1;4.856482263E0;-3.768421639E0;5.556807855E0;1.803163757E2;4.042754126E0;3.000000000E0
4.289639972E2;5.230855900E1;4.856480889E0;-3.517876036E0;6.084166171E0;1.803163757E2;4.282112402E0;3.000000000E0
4.299639969E2;5.230850028E1;4.856474794E0;-3.341521213E0;6.548209430E0;1.814629364E2;4.463463149E0;3.000000000E0
4.309639953E2;5.230844065E1;4.856461663E0;-2.775800060E0;6.516823373E0;1.812296295E2;4.687945127E0;3.000000000E0
4.319639947E2;5.230838601E1;4.856480791E0;-3.032600050E0;6.125457214E0;1.812296295E2;5.051873894E0;3.000000000E0
4.329639937E2;5.230833545E1;4.856424916E0;-2.856907529E0;5.911620670E0;2.051008453E2;5.452664527E0;3.000000000E0
4.339639922E2;5.230828400E1;4.856415518E0;-3.011185226E0;5.939454459E0;2.051008453E2;5.861942159E0;3.000000000E0
4.349639910E2;5.230822571E1;4.856442473E0;-3.057445628E0;6.493134465E0;1.712793437E2;6.309425416E0;3.000000000E0
4.359639906E2;5.230815800E1;4.856475973E0;-3.172309862E0;7.438945654E0;1.670388890E2;6.482391404E0;3.000000000E0
4.369639894E2;5.230808275E1;4.856502976E0;-3.203453240E0;8.223362268E0;1.666919292E2;6.455349417E0;3.000000000E0
4.379639887E2;5.230799849E1;4.856524931E0;-3.173656488E0;8.913795613E0;1.698831114E2;6.392797172E0;3.000000000E0
4.389639872E2;5.230790770E1;4.856525980E0;-3.906771681E0;9.406538946E0;1.740095010E2;6.173657983E0;3.000000000E0
4.399639865E2;5.230782407E1;4.856487306E0;-3.614792437E0;9.645018798E0;1.813669586E2;6.009760125E0;3.000000000E0
4.409639854E2;5.230773778E1;4.856483946E0;-3.784718960E0;9.680867027E0;1.813669586E2;5.959447499E0;3.000000000E0
4.419639846E2;5.230765715E1;4.856473057E0;-3.704211988E0;9.557632243E0;1.813669586E2;4.208366758E0;3.000000000E0
4.429639831E2;5.230757367E1;4.856461725E0;-3.768917057E0;9.375231866E0;1.813669586E2;5.508651271E0;3.000000000E0
4.439639819E2;5.230748700E1;4.856458678E0;-3.579931633E0;9.315483561E0;1.810573425E2;7.823497603E0;3.000000000E0
4.449639814E2;5.230739690E1;4.856458517E0;-3.464381849E0;9.265566735E0;1.810573425E2;7.893234944E0;3.000000000E0
4.459639802E2;5.230731482E1;4.856455616E0;-3.045492712E0;9.250081500E0;1.810573425E2;7.932139069E0;3.000000000E0
4.469639795E2;5.230723134E1;4.856455248E0;-3.825720419E0;9.273844427E0;1.810573425E2;7.957102578E0;3.205256444E0
4.479639788E2;5.230714263E1;4.856454609E0;-3.110070845E0;9.457578713E0;1.807255402E2;7.973471705E0;3.319425524E0
4.489639770E2;5.230705664E1;4.856452747E0;-4.042056682E0;9.532893067E0;1.811733704E2;7.983403660E0;3.367987338E0
4.499639769E2;5.230697843E1;4.856449967E0;-3.363072321E0;9.286823394E0;1.811733704E2;8.235830494E0;3.437982233E0
4.509639751E2;5.230689877E1;4.856453066E0;-3.507772651E0;8.978325149E0;1.819374084E2;8.150830685E0;3.298763036E0
4.519639739E2;5.230682837E1;4.856442556E0;-3.245016116E0;8.054265048E0;1.819374084E2;8.098344990E0;3.426515717E0
4.529639736E2;5.230676646E1;4.856437642E0;-3.614504245E0;6.753501335E0;1.819374084E2;6.581056742E0;3.000000000E0
4.539639726E2;5.230671979E1;4.856429423E0;-3.537913643E0;5.215865258E0;1.819374084E2;5.478078392E0;3.000000000E0
4.549639717E2;5.230667940E1;4.856418600E0;-3.760749865E0;4.542961918E0;1.826782532E2;4.943349327E0;3.000000000E0
4.559639701E2;5.230664379E1;4.856411109E0;-3.640559403E0;3.895959380E0;1.826782532E2;4.452791102E0;3.000000000E0
4.569639696E2;5.230662184E1;4.856408799E0;-3.662125925E0;2.494365955E0;1.826782532E2;4.102392370E0;3.000000000E0
4.579639680E2;5.230661822E1;4.856411811E0;-3.740907242E0;5.707012877E-1;1.826782532E2;4.117396611E0;3.000000000E0
4.589639677E2;5.230661690E1;4.856415965E0;-3.985885474E0;1.510009272E-1;1.826782532E2;4.320426703E0;3.000000000E0
4.599639663E2;5.230661671E1;4.856416369E0;-4.147822089E0;1.338873477E-1;1.826782532E2;4.407447640E0;3.000000000E0
4.609639653E2;5.230660813E1;4.856422338E0;-4.640931425E0;1.048973200E0;1.826782532E2;4.660276177E0;3.000000000E0
4.619639642E2;5.230657831E1;4.856430254E0;-4.716375034E0;2.568784964E0;1.826782532E2;4.926718115E0;3.000000000E0
4.629639627E2;5.230653850E1;4.856438951E0;-4.612461783E0;4.135758163E0;1.836073761E2;5.174157186E0;3.000000000E0
4.639639622E2;5.230649465E1;4.856436807E0;-4.534248375E0;5.251510710E0;1.855062714E2;5.294710579E0;3.000000000E0
4.649639615E2;5.230644615E1;4.856424234E0;-3.707256056E0;5.471942638E0;1.870580750E2;5.472323640E0;3.000000000E0
4.659639604E2;5.230640208E1;4.856407344E0;-3.333368883E0;5.036056430E0;1.870580750E2;5.784783496E0;3.000000000E0
4.669639587E2;5.230636744E1;4.856344854E0;-3.380993723E0;4.635363330E0;2.010294037E2;6.087841927E0;3.000000000E0
4.679639579E2;5.230632715E1;4.856317010E0;-3.355866695E0;4.128531120E0;1.900030670E2;6.207742878E0;3.000000000E0
4.689639575E2;5.230628322E1;4.856308562E0;-3.462477295E0;4.119988029E0;1.800000000E2;6.369697866E0;3.000000000E0
4.699639559E2;5.230623379E1;4.856310528E0;-3.741851408E0;4.981006260E0;1.747020721E2;6.378342054E0;3.000000000E0
4.709639548E2;5.230618378E1;4.856318094E0;-3.842407741E0;5.906612307E0;1.747020721E2;6.294436388E0;3.000000000E0
4.719639546E2;5.230611008E1;4.856393298E0;-3.571947301E0;6.821494637E0;1.476931152E2;6.197088733E0;3.000000000E0
4.729639529E2;5.230605444E1;4.856450703E0;-4.039745954E0;7.609897437E0;1.476931152E2;6.190427787E0;3.000000000E0
4.739639518E2;5.230598684E1;4.856453233E0;-3.753469392E0;8.331795442E0;1.675042725E2;6.356340581E0;3.000000000E0
4.749639511E2;5.230590088E1;4.856481860E0;-3.496311732E0;9.117494264E0;1.688785095E2;6.450054021E0;3.000000000E0
4.759639497E2;5.230580839E1;4.856511521E0;-3.159932112E0;9.744241996E0;1.688785095E2;6.374063539E0;3.000000000E0
4.769639492E2;5.230571566E1;4.856541264E0;-3.459178222E0;1.031780535E1;1.688785095E2;6.225118076E0;3.000000000E0
4.779639475E2;5.230563860E1;4.856554136E0;-3.208414339E0;1.057086720E1;1.692510986E2;4.273842822E0;3.000000000E0
4.789639466E2;5.230553903E1;4.856589418E0;-3.784936210E0;1.107075792E1;1.692510986E2;4.482651599E0;3.000000000E0
4.799639460E2;5.230544078E1;4.856622797E0;-3.684785617E0;1.141013352E1;1.694016266E2;4.610432223E0;3.000000000E0
4.809639444E2;5.230534013E1;4.856648557E0;-3.283029747E0;1.179334762E1;1.694016266E2;4.815621668E0;3.000000000E0
4.819639435E2;5.230522838E1;4.856676507E0;-2.907740644E0;1.218463834E1;1.705455627E2;5.009249299E0;3.000000000E0
4.829639430E2;5.230510322E1;4.856701712E0;-3.271822409E0;1.271250155E1;1.724440002E2;5.475271240E0;3.000000000E0
4.839639422E2;5.230497504E1;4.856729327E0;-2.990238957E0;1.309878340E1;1.724440002E2;6.804399508E0;3.000000000E0
4.849639405E2;5.230485120E1;4.856755826E0;-2.519156247E0;1.309992232E1;1.741943512E2;7.420634273E0;3.000000000E0
4.859639397E2;5.230473758E1;4.856777751E0;-3.026976810E0;1.276533489E1;1.741943512E2;7.712924233E0;3.000000000E0
4.869639388E2;5.230462333E1;4.856791454E0;-3.261918372E0;1.244366963E1;1.758668823E2;7.856637596E0;3.000000000E0
4.879639376E2;5.230451412E1;4.856800014E0;-3.384158205E0;1.216923854E1;1.778330078E2;4.993752369E0;3.000000000E0
4.889639372E2;5.230440974E1;4.856804556E0;-3.167921672E0;1.181672710E1;1.796082001E2;3.674470964E0;3.000000000E0
4.899639353E2;5.230431200E1;4.856804137E0;-2.761190008E0;1.112272713E1;1.791278687E2;3.319493204E0;3.000000000E0
4.909639350E2;5.230421708E1;4.856801858E0;-2.993733168E0;1.028055319E1;1.791278687E2;3.633145786E0;3.000000000E0
4.919639335E2;5.230413429E1;4.856798079E0;-3.162650609E0;9.356514359E0;1.791278687E2;3.979773178E0;3.000000000E0
4.929639328E2;5.230405734E1;4.856798386E0;-3.276617372E0;8.704030278E0;1.785230560E2;4.329576419E0;3.000000000E0
4.939639320E2;5.230398211E1;4.856803301E0;-3.225284917E0;8.271609176E0;1.767096405E2;4.734511917E0;3.000000000E0
4.949639301E2;5.230391895E1;4.856807459E0;-3.401186576E0;7.458756644E0;1.750762939E2;5.015084305E0;3.000000000E0
4.959639297E2;5.230386135E1;4.856823774E0;-3.478283814E0;6.516818833E0;1.750762939E2;5.249436099E0;3.000000000E0
4.969639289E2;5.230381533E1;4.856833031E0;-3.540969335E0;5.126839397E0;1.729585724E2;5.304055253E0;3.000000000E0
4.979639281E2;5.230378213E1;4.856842990E0;-3.674598619E0;3.670714831E0;1.729585724E2;5.447888656E0;3.000000000E0
4.989639269E2;5.230375895E1;4.856857630E0;-3.823561308E0;2.236442684E0;1.729585724E2;5.553153114E0;3.000000000E0
4.999639257E2;5.230374730E1;4.856875765E0;-3.840407516E0;7.210514707E-1;1.711075897E2;5.626728509E0;3.000000000E0
5.009639250E2;5.230374867E1;4.856862442E0;-4.159461003E0;2.364708406E-1;1.711075897E2;5.657022247E0;3.000000000E0
5.019639237E2;5.230375756E1;4.856868581E0;-4.252824178E0;1.215362769E-1;1.729585724E2;5.757275452E0;3.000000000E0
5.029639220E2;5.230375692E1;4.856883463E0;-4.204062892E0;9.186796161E-2;1.729585724E2;5.857245594E0;3.000000000E0
5.039639212E2;5.230375792E1;4.856887852E0;-4.241660491E0;1.078456804E-1;1.729585724E2;5.989076579E0;3.000000000E0
5.049639201E2;5.230375888E1;4.856868039E0;-4.181890546E0;0.000000000E0;1.729585724E2;6.152761036E0;3.000000000E0
5.059639199E2;5.230375888E1;4.856868039E0;-4.181890546E0;0.000000000E0;1.729585724E2;6.366454114E0;3.000000000E0
5.069639183E2;5.230375888E1;4.856868039E0;-4.181890546E0;0.000000000E0;1.729585724E2;6.514682679E0;3.000000000E0
5.079639175E2;5.230375888E1;4.856868039E0;-4.181890546E0;0.000000000E0;1.729585724E2;6.763468055E0;3.000000000E0
5.089639159E2;5.230375888E1;4.856868039E0;-4.181890546E0;0.000000000E0;1.729585724E2;4.752776143E0;3.000000000E0
5.099639156E2;5.230375888E1;4.856868039E0;-4.181890546E0;0.000000000E0;1.729585724E2;4.409236180E0;3.000000000E0
5.109639150E2;5.230375888E1;4.856868039E0;-4.181890546E0;0.000000000E0;1.729585724E2;4.091143151E0;3.000000000E0
5.119639130E2;5.230375888E1;4.856868039E0;-4.181890546E0;0.000000000E0;1.729585724E2;3.937567880E0;3.000000000E0
5.129639126E2;5.230375888E1;4.856868039E0;-4.181890546E0;0.000000000E0;1.729585724E2;3.856920596E0;3.000000000E0
5.139639112E2;5.230375888E1;4.856868039E0;-4.181890546E0;0.000000000E0;1.729585724E2;3.807450052E0;3.000000000E0
5.149638374E2;5.230375888E1;4.856868039E0;-4.181890546E0;0.000000000E0;1.729585724E2;3.757101588E0;3.000000000E0
5.159638073E2;5.230375888E1;4.856868039E0;-4.181890546E0;0.000000000E0;1.729585724E2;3.724917896E0;3.000000000E0
5.169638064E2;5.230375888E1;4.856868039E0;-4.181890546E0;0.000000000E0;1.729585724E2;3.693583556E0;3.000000000E0
5.179644090E2;5.230375888E1;4.856868039E0;-4.181890546E0;0.000000000E0;1.729585724E2;3.659600331E0;3.000000000E0
5.189641603E2;5.230375888E1;4.856868039E0;-4.181890546E0;0.000000000E0;1.729585724E2;3.626739650E0;3.000000000E0
5.199641590E2;5.230375888E1;4.856868039E0;-4.181890546E0;0.000000000E0;1.729585724E2;3.595397104E0;3.000000000E0
5.209636135E2;5.230375888E1;4.856868039E0;-4.181890546E0;0.000000000E0;1.729585724E2;3.568446473E0;3.000000000E0
5.219638319E2;5.230375888E1;4.856868039E0;-4.181890546E0;0.000000000E0;1.729585724E2;3.540376204E0;3.000000000E0
5.229638311E2;5.230375888E1;4.856868039E0;-4.181890546E0;0.000000000E0;1.729585724E2;3.508086601E0;3.000000000E0
5.239641808E2;5.230375888E1;4.856868039E0;-4.181890546E0;0.000000000E0;1.729585724E2;3.475045704E0;3.000000000E0
5.249635060E2;5.230375200E1;4.856869426E0;-3.716208447E0;1.134371181E0;1.729585724E2;3.450956940E0;3.000000000E0
5.259635053E2;5.230373187E1;4.856870036E0;-3.683809802E0;2.573727945E0;1.711075897E2;3.088610142E0;3.000000000E0
5.269640288E2;5.230369115E1;4.856885678E0;-3.607274088E0;4.065186684E0;1.699649658E2;3.036366093E0;3.000000000E0
5.279640210E2;5.230364332E1;4.856902630E0;-3.500397234E0;5.255709180E0;1.699649658E2;2.984547790E0;3.000000000E0
5.289640197E2;5.230358844E1;4.856923669E0;-3.370277022E0;6.144951038E0;1.699649658E2;3.026141418E0;3.000000000E0
5.299640195E2;5.230352881E1;4.856950197E0;-3.290001927E0;6.802351050E0;1.666492310E2;2.963463173E0;3.000000000E0
5.309640179E2;5.230346590E1;4.856988702E0;-3.315372738E0;7.311027020E0;1.666492310E2;3.140299107E0;3.000000000E0
5.319640166E2;5.230339808E1;4.856987503E0;-3.251636118E0;7.694775850E0;1.666492310E2;3.334813118E0;3.000000000E0
5.329640164E2;5.230333404E1;4.857012293E0;-3.180295896E0;7.688176763E0;1.666492310E2;3.630235864E0;3.000000000E0
5.339640152E2;5.230325325E1;4.857116887E0;-3.608407833E0;7.582507141E0;1.420771027E2;7.416538668E0;3.000000000E0
5.349640137E2;5.230320054E1;4.857207438E0;-3.890575932E0;7.426131823E0;1.349012299E2;4.357524329E0;3.000000000E0
5.359640133E2;5.230315802E1;4.857299144E0;-3.611170488E0;7.646587550E0;1.292979126E2;4.704655035E0;3.000000000E0
5.369640115E2;5.230311221E1;4.857366775E0;-3.771922948E0;7.676547156E0;1.433851318E2;5.125014701E0;3.000000000E0
5.379640111E2;5.230306126E1;4.857428533E0;-3.220153284E0;7.133768161E0;1.433851318E2;5.504329766E0;3.000000000E0
5.389640098E2;5.230302881E1;4.857540169E0;-3.219886148E0;6.842526207E0;1.435404085E2;5.863055498E0;3.000000000E0
5.399640088E2;5.230299175E1;4.857581779E0;-3.188356002E0;6.101138864E0;1.435226454E2;5.944616061E0;3.000000000E0
5.409640082E2;5.230295859E1;4.857634947E0;-3.418040715E0;5.902564926E0;1.380675155E2;6.138365260E0;3.000000000E0
5.419640064E2;5.230293664E1;4.857707347E0;-3.482765085E0;5.463372779E0;1.231161125E2;6.443049891E0;3.000000000E0
5.429640054E2;5.230293162E1;4.857775582E0;-3.497884095E0;4.755197426E0;1.133687199E2;7.046851307E0;3.000000000E0
5.439640046E2;5.230286468E1;4.857695652E0;-3.508299840E0;3.853835980E0;1.427642365E2;1.226456371E1;3.000000000E0
5.449640036E2;5.230284853E1;4.857715676E0;-3.372486662E0;2.933312432E0;1.427642365E2;1.409187781E1;3.000000000E0
5.459640026E2;5.230284416E1;4.857714739E0;-3.339238339E0;2.439806797E0;1.483914337E2;1.617345864E1;3.000000000E0
5.469640018E2;5.230284351E1;4.857715386E0;-3.699254749E0;1.926131690E0;1.483914337E2;1.851876258E1;3.000000000E0
5.479640006E2;5.230300607E1;4.858014026E0;-3.626822321E0;1.518362885E0;1.134388504E2;1.172966426E1;3.000000000E0
5.489639999E2;5.230299985E1;4.858000482E0;-3.690378618E0;3.426907963E0;2.030055917E2;1.302280519E1;3.000000000E0
5.499639992E2;5.230286588E1;4.857735572E0;-3.537426895E0;3.982356221E0;2.128007667E2;1.424362466E1;3.000000000E0
5.509639977E2;5.230285498E1;4.857734443E0;-3.504629781E0;4.747125630E0;1.772181091E2;1.506447704E1;3.000000000E0
5.521078217E2;5.230283360E1;4.857722471E0;-3.599995569E0;3.042990446E0;1.541225281E2;1.501667759E2;2.242482781E1
5.645205261E2;5.230213661E1;4.858534199E0;-7.993820097E0;NaN;NaN;2.539167002E1;8.151424205E0
5.705235610E2;5.230214334E1;4.858248763E0;-7.993820097E0;NaN;NaN;2.579026912E1;8.164889011E0
5.765130070E2;5.230214295E1;4.858249390E0;-7.993820097E0;NaN;NaN;2.515105505E1;8.178367256E0
5.771711440E2;5.230214295E1;4.858249390E0;-7.993820097E0;NaN;NaN;2.515105590E1;8.178374343E0
5.775582850E2;5.230214295E1;4.858249390E0;-7.993820097E0;NaN;NaN;2.515105620E1;8.186730557E0
5.776020811E2;5.230214295E1;4.858249390E0;-7.993820097E0;NaN;NaN;2.515105621E1;8.160201831E0
5.776397051E2;5.230214295E1;4.858249390E0;-7.993820097E0;NaN;NaN;2.515105622E1;8.161203901E0
5.777163701E2;5.230214295E1;4.858249390E0;-7.993820097E0;NaN;NaN;2.515105622E1;8.162245581E0
5.825355351E2;5.230214295E1;4.858249390E0;-7.993820097E0;NaN;NaN;2.515155502E1;8.160804231E0
5.831085870E2;5.230214295E1;4.858249390E0;-7.993820097E0;NaN;NaN;2.515155567E1;8.160810817E0
5.837496331E2;5.230222945E1;4.858368160E0;-7.993820097E0;NaN;NaN;2.000632914E1;8.168130251E0
5.914346551E2;5.230222806E1;4.858442595E0;-7.993820097E0;NaN;NaN;1.862911529E1;8.180020937E0
5.990899841E2;5.230224885E1;4.858429179E0;-7.993820097E0;NaN;NaN;1.826742137E1;8.183482336E0
6.055286740E2;5.230225249E1;4.858406995E0;-7.993820097E0;NaN;NaN;1.810879676E1;8.170938110E0
6.067419981E2;5.230226284E1;4.858351784E0;-7.993820097E0;NaN;NaN;1.765005082E1;8.170944582E0
6.143989381E2;5.230226539E1;4.858339108E0;-7.993820097E0;NaN;NaN;1.753541482E1;8.189721004E0
6.220233450E2;5.230227014E1;4.858356517E0;-7.993820097E0;NaN;NaN;1.707518093E1;8.192605962E0
6.284442290E2;5.230228392E1;4.858228144E0;-7.993820097E0;NaN;NaN;1.735977539E1;8.211606000E0
6.296641160E2;5.230223152E1;4.858279186E0;-7.993820097E0;NaN;NaN;2.675445038E1;8.195665040E0
6.360918140E2;5.230214168E1;4.858257875E0;-7.993820097E0;NaN;NaN;2.667034431E1;8.214680611E0
6.373069071E2;5.230237274E1;4.858099673E0;-7.993820097E0;NaN;NaN;3.160794446E1;8.198809576E0
6.393106531E2;5.230241471E1;4.858148627E0;-7.993820097E0;1.490029335E0;NaN;2.399540716E1;8.198814838E0
6.457335991E2;5.230228850E1;4.858211612E0;-7.993820097E0;5.425890535E-2;NaN;1.752972575E1;8.211950570E0
6.535788560E2;5.230211511E1;4.858331765E0;-7.993820097E0;NaN;NaN;2.790652952E1;8.218020952E0
6.536630660E2;5.230211496E1;4.858331820E0;-7.993820097E0;NaN;NaN;2.792319334E1;8.218027164E0
6.537874330E2;5.230211496E1;4.858331821E0;-7.993820097E0;NaN;NaN;2.792340361E1;8.220449944E0
6.537939841E2;5.230211496E1;4.858331821E0;-7.993820097E0;NaN;NaN;2.792342884E1;8.220462356E0
6.538020581E2;5.230211496E1;4.858331821E0;-7.993820097E0;NaN;NaN;2.792347677E1;8.220470903E0
6.595133750E2;5.230214426E1;4.857778139E0;-7.993820097E0;1.245978713E0;NaN;3.767356499E1;8.230324211E0
6.609637756E2;5.230208026E1;4.858252416E0;-3.637693581E0;0.000000000E0;1.755291964E2;1.422053112E1;3.000000000E0
6.619637744E2;5.230208975E1;4.858200440E0;-3.421731389E0;1.108899729E0;1.755291549E2;1.488412210E1;3.000000000E0
6.629637742E2;5.230209653E1;4.858190393E0;-3.349316161E0;9.032486093E-1;1.755291469E2;1.510293799E1;3.000000000E0
6.639637727E2;5.230210174E1;4.858116721E0;-3.313710613E0;7.301372217E-1;1.755290881E2;1.329711702E1;3.000000000E0
6.649637718E2;5.230210995E1;4.858083462E0;-3.328504370E0;5.516899502E-1;1.755290616E2;1.259404727E1;3.000000000E0
6.659637704E2;5.230211185E1;4.858082056E0;-3.326373696E0;0.000000000E0;1.755290605E2;1.228195197E1;3.000000000E0
6.669637693E2;5.230210257E1;4.858090323E0;-3.165385581E0;4.432241374E-1;1.755290671E2;1.091909262E1;3.000000000E0
6.679637685E2;5.230211746E1;4.858067105E0;-3.195269216E0;2.879942312E-1;1.755290486E2;1.095876890E1;3.000000000E0
6.689637674E2;5.230212813E1;4.858031807E0;-3.294293084E0;2.396005356E-1;1.755290204E2;1.090761345E1;3.000000000E0
6.699637671E2;5.230213143E1;4.858012107E0;-3.366580668E0;1.950479540E-1;1.755290047E2;1.092561891E1;3.000000000E0
6.709637659E2;5.230210805E1;4.858071742E0;-3.278269564E0;0.000000000E0;1.755290523E2;9.617213273E0;3.000000000E0
6.719637647E2;5.230211439E1;4.858030291E0;-3.222386605E0;3.858369759E-2;1.755290192E2;9.609054055E0;3.000000000E0
6.729637640E2;5.230211367E1;4.858035539E0;-3.280101712E0;0.000000000E0;1.755290234E2;9.034093193E0;3.000000000E0
6.739637625E2;5.230213039E1;4.858012009E0;-3.352826276E0;8.790993181E-2;1.755290046E2;9.045138863E0;3.000000000E0
6.749637620E2;5.230213288E1;4.857991760E0;-3.382852998E0;9.851814629E-2;1.755289885E2;9.288663837E0;3.000000000E0
6.759637611E2;5.230213773E1;4.857975620E0;-3.363125009E0;0.000000000E0;1.755289756E2;9.450632981E0;3.000000000E0
6.769637597E2;5.230214146E1;4.857965821E0;-3.442423357E0;1.040877911E-1;1.755289678E2;9.735060640E0;3.000000000E0
6.779637586E2;5.230214316E1;4.857952741E0;-3.436966361E0;1.153986581E-1;1.755289574E2;9.971928080E0;3.000000000E0
6.789637580E2;5.230214152E1;4.857942096E0;-3.326863791E0;0.000000000E0;1.755289489E2;1.006999448E1;3.000000000E0
6.799637562E2;5.230214152E1;4.857942096E0;-3.326863791E0;0.000000000E0;1.755289489E2;9.941796515E0;3.000000000E0
6.809637554E2;5.230213776E1;4.857920363E0;-3.312304136E0;1.293111427E-1;1.755289315E2;9.647054546E0;3.000000000E0
6.819637539E2;5.230213826E1;4.857918662E0;-3.307365078E0;0.000000000E0;1.755289302E2;9.396859116E0;3.000000000E0
6.829637538E2;5.230213464E1;4.857907748E0;-3.428533182E0;1.168779018E-1;1.755289215E2;9.287338004E0;3.000000000E0
6.839637522E2;5.230213497E1;4.857906368E0;-3.432139370E0;0.000000000E0;1.755289204E2;9.172483452E0;3.000000000E0
6.849637519E2;5.230213497E1;4.857906368E0;-3.432139370E0;0.000000000E0;1.755289204E2;8.610951338E0;3.000000000E0
6.859637505E2;5.230213497E1;4.857906368E0;-3.432139370E0;0.000000000E0;1.755289204E2;8.387099363E0;3.000000000E0
6.869637493E2;5.230213497E1;4.857906368E0;-3.432139370E0;0.000000000E0;1.755289204E2;6.532015016E0;3.000000000E0
6.879637481E2;5.230213497E1;4.857906368E0;-3.432139370E0;0.000000000E0;1.755289204E2;6.117599543E0;3.000000000E0
6.889637475E2;5.230213497E1;4.857906368E0;-3.432139370E0;0.000000000E0;1.755289204E2;5.718008809E0;3.000000000E0
6.899637462E2;5.230213497E1;4.857906368E0;-3.432139370E0;0.000000000E0;1.755289204E2;5.468227214E0;3.000000000E0
6.909637457E2;5.230213497E1;4.857906368E0;-3.432139370E0;0.000000000E0;1.755289204E2;5.244321528E0;3.000000000E0
6.919637444E2;5.230210582E1;4.857892055E0;-3.318072802E0;1.372794569E-2;1.755289089E2;5.104964230E0;3.000000000E0
6.929637432E2;5.230210347E1;4.857889547E0;-3.315949302E0;1.507321403E-2;1.755289069E2;5.007746601E0;3.000000000E0
6.939637421E2;5.230210094E1;4.857884339E0;-3.312470400E0;1.070998065E-2;1.755289028E2;4.941955795E0;3.000000000E0
6.949637409E2;5.230210156E1;4.857881068E0;-3.306427549E0;7.804462394E-3;1.755289002E2;4.808870011E0;3.000000000E0
6.959637399E2;5.230209753E1;4.857872690E0;-3.315896191E0;3.456454970E-1;1.755288935E2;4.776699893E0;3.000000000E0
6.969637390E2;5.230208859E1;4.857855736E0;-3.337995375E0;9.122422879E-1;1.755288799E2;4.789700747E0;3.000000000E0
6.979637387E2;5.230208239E1;4.857826719E0;-3.286161553E0;1.364758288E0;1.755288568E2;4.862941332E0;3.000000000E0
6.989637374E2;5.230208097E1;4.857781268E0;-3.228871645E0;1.687147199E0;NaN;5.004854599E0;3.000000000E0
6.999637359E2;5.230209173E1;4.857696056E0;-3.209683748E0;3.083456902E0;2.622162329E2;5.233738019E0;3.000000000E0
7.009637357E2;5.230219262E1;4.857645474E0;-3.458316070E0;5.959453660E0;2.920465088E2;1.035239225E1;3.000000000E0
7.019637341E2;5.230221526E1;4.857554278E0;-3.228328262E0;6.691712297E0;2.920465088E2;1.146407511E1;3.000000000E0
7.029637327E2;5.230224216E1;4.857445889E0;-3.593761864E0;7.482462177E0;2.920465088E2;1.270552277E1;3.000000000E0
7.039637324E2;5.230226497E1;4.857364042E0;-3.031751904E0;7.515454643E0;2.950172424E2;1.253525499E1;3.000000000E0
7.049637316E2;5.230229601E1;4.857269552E0;-3.138559247E0;7.369422973E0;2.975031738E2;1.428476157E1;3.000000000E0
7.059637303E2;5.230228091E1;4.857071217E0;-2.972473048E0;6.807433306E0;2.667849426E2;7.653250754E0;3.000000000E0
7.069637288E2;5.230226991E1;4.856964476E0;-2.821321347E0;6.386501430E0;2.587537842E2;7.783486616E0;3.000000000E0
7.079637278E2;5.230225308E1;4.856865575E0;-2.219361807E0;6.146701063E0;2.554893036E2;7.740162438E0;3.000000000E0
7.089637272E2;5.230224100E1;4.856783166E0;-2.887953559E0;5.369569315E0;2.506800537E2;7.692680298E0;3.000000000E0
7.099637263E2;5.230222515E1;4.856709421E0;-2.720740170E0;4.829289164E0;2.506800537E2;7.615629523E0;3.000000000E0
7.109637254E2;5.230213288E1;4.856659207E0;-2.117409357E0;4.679201428E0;1.976227417E2;7.569417741E0;3.000000000E0
7.119637240E2;5.230207854E1;4.856639474E0;-2.241156396E0;5.113102348E0;1.910298004E2;7.728441728E0;3.000000000E0
7.129637233E2;5.230200275E1;4.856626461E0;-2.257887082E0;6.255744924E0;1.800000000E2;7.657536675E0;3.000000000E0
7.139637225E2;5.230193106E1;4.856626461E0;-1.773892418E0;7.134905488E0;1.800000000E2;7.414611183E0;3.000000000E0
7.149637209E2;5.230185756E1;4.856621609E0;-1.604366903E0;7.986396627E0;1.731062622E2;7.540161117E0;3.000000000E0
7.159637198E2;5.230179381E1;4.856630369E0;-1.423867691E0;8.656088323E0;2.083341998E2;7.605476907E0;3.000000000E0
7.169637192E2;5.230172543E1;4.856643917E0;-2.100702925E0;9.630846542E0;2.164059054E2;7.693193537E0;3.000000000E0
7.179637181E2;5.230164723E1;4.856643391E0;-1.964308809E0;1.020777394E1;2.245378565E2;2.153301808E1;3.000000000E0
7.189637170E2;5.230148323E1;4.856648072E0;-1.712913907E0;1.038684605E1;2.006293488E2;3.246840996E1;3.000000000E0
7.199637154E2;5.230139657E1;4.856594852E0;-1.460154221E0;1.039821333E1;2.006293488E2;3.609464164E1;3.000000000E0
7.209637147E2;5.230128655E1;4.856524044E0;-8.123096833E-1;1.047204736E1;2.035273132E2;3.766644316E1;3.000000000E0
7.219637142E2;5.230119451E1;4.856458475E0;-1.323686236E0;1.080464909E1;2.023377380E2;3.499614862E1;3.000000000E0
7.229637123E2;5.230109289E1;4.856391106E0;-1.291767438E0;1.139680953E1;2.018980713E2;3.191383862E1;3.000000000E0
7.239637121E2;5.230098882E1;4.856322865E0;-1.004237578E0;1.166110055E1;2.018980713E2;2.863126383E1;3.000000000E0
7.249637111E2;5.230089211E1;4.856259844E0;-4.999049474E-1;1.185633233E1;2.014725952E2;2.535076283E1;3.000000000E0
7.259637094E2;5.230079525E1;4.856197696E0;1.188538073E0;1.176539603E1;2.014725952E2;2.335571452E1;3.000000000E0
7.269637084E2;5.230074264E1;4.856199694E0;1.961354095E0;1.169494031E1;1.870384521E2;2.320044730E1;3.000000000E0
7.279637083E2;5.230063621E1;4.856175103E0;2.000499082E0;1.135177968E1;1.885185547E2;2.169022216E1;3.000000000E0
7.289637069E2;5.230052569E1;4.855978655E0;3.208224790E0;1.107586597E1;2.077689819E2;7.183354725E0;3.000000000E0
7.299637057E2;5.230042899E1;4.855885561E0;2.876915749E0;1.141029103E1;2.100868683E2;7.021365663E0;3.000000000E0
7.309637049E2;5.230033903E1;4.855791262E0;3.181152329E0;1.170218529E1;2.165961456E2;6.831620167E0;3.000000000E0
7.319637040E2;5.230024797E1;4.855707262E0;2.779127195E0;1.213560821E1;2.165961456E2;6.703088583E0;3.000000000E0
7.329637022E2;5.230016459E1;4.855644494E0;4.843652803E0;1.194872309E1;2.165961456E2;6.597710615E0;3.000000000E0
7.339637020E2;5.230008772E1;4.855537192E0;3.707866501E0;1.209423266E1;2.196737671E2;6.403040053E0;3.000000000E0
7.349637005E2;5.230001894E1;4.855409570E0;4.223914600E0;1.223541878E1;2.196737671E2;6.273490173E0;3.000000000E0
7.359636999E2;5.229993316E1;4.855301345E0;5.813519480E0;1.217787068E1;2.185071259E2;6.243353292E0;3.000000000E0
7.369636983E2;5.229981316E1;4.855262666E0;5.848936013E0;1.191901354E1;2.067710216E2;6.270247670E0;3.000000000E0
7.379636974E2;5.229971934E1;4.855205025E0;6.244755446E0;1.155800840E1;2.013949869E2;6.233373948E0;3.000000000E0
7.389636965E2;5.229963124E1;4.855134174E0;6.491144722E0;1.127776512E1;2.013008677E2;6.194955112E0;3.000000000E0
7.399636954E2;5.229953934E1;4.855064017E0;2.367027696E0;1.117015500E1;2.012467932E2;6.355248065E0;3.000000000E0
7.409636947E2;5.229944947E1;4.855001512E0;-1.582806967E-1;1.069988090E1;1.984724274E2;6.381087998E0;3.000000000E0
7.419636940E2;5.229936319E1;4.854959019E0;-1.022355362E0;9.964582516E0;1.984724274E2;6.279050577E0;3.000000000E0
7.429636930E2;5.229928681E1;4.854915302E0;-1.357049165E0;8.897860468E0;1.984724274E2;6.230363273E0;3.000000000E0
7.439636918E2;5.229922274E1;4.854888147E0;-1.904832152E0;7.526664492E0;1.969860840E2;6.256144456E0;3.000000000E0
7.449636909E2;5.229917234E1;4.854863039E0;-2.807325298E0;6.548075493E0;1.984724274E2;6.291498623E0;3.000000000E0
7.459636892E2;5.229912467E1;4.854820733E0;-2.530025387E0;6.143525887E0;2.094408264E2;6.366519317E0;3.000000000E0
7.469636885E2;5.229909377E1;4.854756254E0;-2.678587092E0;5.710824955E0;2.242569556E2;6.285272434E0;3.000000000E0
7.479636873E2;5.229905965E1;4.854698615E0;-2.566604640E0;5.279498463E0;2.252652514E2;6.126769270E0;3.000000000E0
7.489636868E2;5.229902476E1;4.854651434E0;-2.945172351E0;4.874661757E0;2.197174762E2;5.996945545E0;3.000000000E0
7.499636858E2;5.229897889E1;4.854631267E0;-3.022940392E0;4.742709034E0;1.981280354E2;5.923193406E0;3.000000000E0
7.509636844E2;5.229893918E1;4.854590554E0;-3.112610197E0;4.526295779E0;1.772850952E2;5.844931808E0;3.000000000E0
7.519636836E2;5.229890609E1;4.854682131E0;-3.390140646E0;4.353592626E0;1.512038500E2;5.743596083E0;3.000000000E0
7.529636822E2;5.229888500E1;4.854724297E0;-3.341588154E0;4.249394518E0;1.308265304E2;5.825897778E0;3.000000000E0
7.539636812E2;5.229888377E1;4.854776881E0;-3.550352931E0;4.182191255E0;1.148160983E2;5.960604257E0;3.000000000E0
7.549636809E2;5.229886714E1;4.854848110E0;-4.014821179E0;5.064463358E0;1.130385796E2;6.154558732E0;3.000000000E0
7.559636791E2;5.229882615E1;4.854914695E0;-3.432689413E0;6.143608568E0;1.305501354E2;6.428932536E0;3.000000000E0
7.569636787E2;5.229876045E1;4.854966169E0;-3.848885441E0;7.264726829E0;1.569371948E2;6.597833162E0;3.000000000E0
7.579636772E2;5.229869172E1;4.854993139E0;-3.313112722E0;7.912976862E0;1.569371948E2;6.542432733E0;3.000000000E0
7.589636769E2;5.229861363E1;4.855007984E0;-3.328313549E0;8.585124122E0;1.583173370E2;6.388594254E0;3.000000000E0
7.599636754E2;5.229853958E1;4.855064024E0;-3.162106526E0;9.205278661E0;1.557328033E2;6.333744490E0;3.000000000E0
7.609636747E2;5.229843877E1;4.855074503E0;-3.103765171E0;9.526608629E0;1.725885315E2;6.374015901E0;3.000000000E0
7.619636730E2;5.229834505E1;4.855085594E0;-3.185294914E0;9.972818573E0;1.800000000E2;6.321428241E0;3.000000000E0
7.629636722E2;5.229824777E1;4.855067064E0;-2.853858788E0;1.045278381E1;1.891697998E2;6.182579863E0;3.000000000E0
7.639636712E2;5.229814804E1;4.855049475E0;-2.462026900E0;1.051614211E1;1.915068665E2;5.983301810E0;3.000000000E0
7.649636705E2;5.229805399E1;4.855030519E0;-2.292526742E0;1.021211122E1;1.919315033E2;5.779168315E0;3.000000000E0
7.659636689E2;5.229797281E1;4.854993564E0;-2.610356316E0;9.455005533E0;1.919315033E2;5.891540315E0;3.000000000E0
7.669636686E2;5.229790030E1;4.854967107E0;-2.593793598E0;8.498735280E0;1.933742981E2;5.998681913E0;3.000000000E0
7.679636675E2;5.229783679E1;4.854952201E0;-2.305259448E0;7.515664131E0;1.933742981E2;6.105015091E0;3.000000000E0
7.689636663E2;5.229778333E1;4.854927629E0;-2.427074746E0;6.586182175E0;1.923501434E2;6.082596942E0;3.000000000E0
7.699642546E2;5.229773523E1;4.854892643E0;-2.437188414E0;5.777042826E0;1.923501434E2;5.994156977E0;3.000000000E0
7.709644514E2;5.229769198E1;4.854901584E0;-2.823437141E0;5.127942230E0;1.923501434E2;5.831108029E0;3.000000000E0
7.719644506E2;5.229766117E1;4.854885392E0;-2.751115863E0;4.156344537E0;1.923501434E2;5.721524409E0;3.000000000E0
7.729643271E2;5.229763407E1;4.854875215E0;-2.801526100E0;2.927310855E0;1.923501434E2;5.618856174E0;3.000000000E0
7.739637569E2;5.229762186E1;4.854873938E0;-2.780895720E0;1.778343141E0;1.910956726E2;5.465710323E0;3.000000000E0
7.749637549E2;5.229761764E1;4.854878123E0;-2.782294155E0;4.764732969E-1;1.910956726E2;5.412977059E0;3.000000000E0
7.759638798E2;5.229762050E1;4.854873779E0;-3.058989904E0;5.594532585E-2;1.910956726E2;5.352007296E0;3.000000000E0
7.769640036E2;5.229762300E1;4.854852652E0;-3.204151286E0;4.710059992E-2;1.910956726E2;5.193299892E0;3.000000000E0
7.779640027E2;5.229762153E1;4.854852181E0;-3.208533315E0;5.629571760E-2;1.910956726E2;5.173607712E0;3.000000000E0
7.789642308E2;5.229761843E1;4.854851190E0;-3.128609645E0;4.836258659E-2;1.910956726E2;5.080128016E0;3.000000000E0
7.799637705E2;5.229761869E1;4.854851273E0;-3.062889540E0;3.711822885E-2;1.910956726E2;5.136363018E0;3.000000000E0
7.809637697E2;5.229761858E1;4.854851236E0;-3.051824333E0;0.000000000E0;1.910956726E2;5.250139898E0;3.000000000E0
7.819640063E2;5.229761858E1;4.854851236E0;-3.051824333E0;0.000000000E0;1.910956726E2;5.329838408E0;3.000000000E0
7.829633386E2;5.229761712E1;4.854850770E0;-2.892375849E0;8.900995309E-2;1.910956726E2;5.411473157E0;3.000000000E0
7.839633378E2;5.229761745E1;4.854850878E0;-2.895230944E0;0.000000000E0;1.910956726E2;5.481200368E0;3.000000000E0
7.849633368E2;5.229762166E1;4.854852222E0;-3.352035015E0;1.057452307E-1;1.910956726E2;5.504168882E0;3.000000000E0
7.859633354E2;5.229762328E1;4.854852742E0;-3.350124639E0;9.227791895E-2;1.910956726E2;5.576244840E0;3.000000000E0
7.869633341E2;5.229762382E1;4.854852915E0;-3.263784282E0;8.482794957E-2;1.910956726E2;5.639955987E0;3.000000000E0
7.879633331E2;5.229761896E1;4.854851361E0;-3.370373816E0;6.667692524E-1;1.910956726E2;5.658153300E0;3.000000000E0
7.889633325E2;5.229759961E1;4.854845169E0;-3.395318581E0;1.693327742E0;1.910956726E2;5.565365385E0;3.000000000E0
7.899633310E2;5.229757197E1;4.854836327E0;-3.679346607E0;2.853724915E0;1.910956726E2;5.660051819E0;3.000000000E0
7.909633307E2;5.229753621E1;4.854824889E0;-3.363428093E0;4.104384891E0;1.910956726E2;5.723012782E0;3.000000000E0
7.919633296E2;5.229748807E1;4.854810673E0;-3.303285227E0;5.185973195E0;1.879268341E2;5.724724522E0;3.000000000E0
7.929633286E2;5.229742996E1;4.854797476E0;-3.290321914E0;6.198517541E0;1.879268341E2;5.728243785E0;3.000000000E0
7.939633268E2;5.229736691E1;4.854787014E0;-3.259986538E0;6.922227222E0;1.852208099E2;5.703680265E0;3.000000000E0
7.949633268E2;5.229729361E1;4.854776230E0;-3.218909074E0;7.625723246E0;1.831954498E2;5.705384879E0;3.000000000E0
7.959633251E2;5.229721882E1;4.854769737E0;-2.836290824E0;8.252116397E0;1.825965881E2;5.744651622E0;3.000000000E0
7.969633247E2;5.229713706E1;4.854763139E0;-3.008916603E0;8.854059561E0;1.833008881E2;5.833647444E0;3.000000000E0
7.979633232E2;5.229705444E1;4.854758629E0;-2.705118934E0;9.309316160E0;1.818923340E2;5.933765156E0;3.000000000E0
7.989633223E2;5.229696345E1;4.854756978E0;-3.206025383E0;9.856562574E0;1.812602539E2;6.069724314E0;3.000000000E0
7.999633211E2;5.229687240E1;4.854753711E0;-3.053380068E0;1.013205459E1;1.812602539E2;6.226414877E0;3.000000000E0
8.009633205E2;5.229678187E1;4.854751068E0;-2.951358917E0;9.875021148E0;1.810915833E2;6.487703172E0;3.000000000E0
8.019633195E2;5.229669722E1;4.854747268E0;-2.346133616E0;9.505362184E0;1.815929871E2;6.709029535E0;3.000000000E0
8.029633185E2;5.229661185E1;4.854743413E0;-2.434021568E0;9.353335525E0;1.815620575E2;6.917067997E0;3.000000000E0
8.039633174E2;5.229652341E1;4.854739478E0;-2.773216380E0;9.680273964E0;1.815620575E2;6.864446438E0;3.000000000E0
8.049633161E2;5.229643622E1;4.854718302E0;-2.786513572E0;1.007472652E1;1.814450226E2;3.474758989E0;3.000000000E0
8.059633147E2;5.229634298E1;4.854706768E0;-2.924282957E0;1.045499614E1;1.814450226E2;3.630275324E0;3.000000000E0
8.069633141E2;5.229624654E1;4.854695694E0;-2.942661238E0;1.040706912E1;1.814450226E2;3.831835655E0;3.000000000E0
8.079633129E2;5.229614962E1;4.854688257E0;-3.244621099E0;1.021186381E1;1.814450226E2;4.099999525E0;3.000000000E0
8.089633119E2;5.229606613E1;4.854680467E0;-3.313993851E0;9.130912724E0;1.814450226E2;4.341406735E0;3.000000000E0
8.099633106E2;5.229599338E1;4.854679830E0;-3.214137200E0;7.269062622E0;1.816710663E2;4.614377637E0;3.000000000E0
8.109633104E2;5.229594684E1;4.854679860E0;-3.340398911E0;5.268661894E0;1.816710663E2;4.841814369E0;3.000000000E0
8.119633088E2;5.229590703E1;4.854676844E0;-3.612364784E0;4.062244085E0;1.816710663E2;5.057766916E0;3.000000000E0
8.129633076E2;5.229587449E1;4.854679322E0;-3.943209411E0;3.716357942E0;1.816710663E2;5.233838175E0;3.000000000E0
8.139633067E2;5.229584544E1;4.854668746E0;-4.366076803E0;4.195488692E0;1.816710663E2;5.374983974E0;3.000000000E0
8.149633058E2;5.229579871E1;4.854659155E0;-4.137282786E0;5.319315836E0;1.816710663E2;5.575037841E0;3.000000000E0
8.159633049E2;5.229574244E1;4.854678940E0;-4.192789676E0;6.158604235E0;1.811977844E2;5.816068086E0;3.000000000E0
8.169633038E2;5.229567746E1;4.854676646E0;-4.127588691E0;6.980904958E0;1.817789917E2;6.092848626E0;3.000000000E0
8.179633030E2;5.229560524E1;4.854646962E0;-4.059078557E0;7.714326181E0;1.817789917E2;6.375904386E0;3.000000000E0
8.189633023E2;5.229552622E1;4.854670146E0;-4.135445557E0;8.349892502E0;1.813819427E2;6.665103534E0;3.000000000E0
8.199633006E2;5.229544507E1;4.854666953E0;-4.245985101E0;8.962381262E0;1.813819427E2;7.110248567E0;3.000000000E0
8.209632995E2;5.229535840E1;4.854663543E0;-4.224721229E0;9.564037799E0;1.813819427E2;7.519126004E0;3.000000000E0
8.219632986E2;5.229527050E1;4.854660085E0;-3.765022183E0;1.004662543E1;1.813819427E2;7.907697547E0;3.000000000E0
8.229632980E2;5.229517482E1;4.854656320E0;-3.866120227E0;1.054853071E1;1.813819427E2;8.261718877E0;3.000000000E0
8.239632968E2;5.229507493E1;4.854652390E0;-3.520266575E0;1.091737441E1;1.813819427E2;8.573849717E0;3.000000000E0
8.249632958E2;5.229496856E1;4.854625070E0;-3.438077445E0;1.137775804E1;1.815320435E2;8.905780355E0;3.000000000E0
8.259632947E2;5.229486628E1;4.854639883E0;-2.859397767E0;1.168817841E1;1.815320435E2;9.351136449E0;3.000000000E0
8.269632939E2;5.229475904E1;4.854641443E0;-2.828131696E0;1.200930243E1;1.815196838E2;9.964937117E0;3.000000000E0
8.279632926E2;5.229464467E1;4.854644723E0;-3.063738015E0;1.234454976E1;1.810316010E2;1.054798875E1;3.000000000E0
8.289632919E2;5.229452848E1;4.854650293E0;-2.934503199E0;1.256991424E1;1.812445679E2;1.121031375E1;3.000000000E0
8.299632912E2;5.229441094E1;4.854645313E0;-3.256092127E0;1.242427768E1;1.811249542E2;1.152564907E1;3.000000000E0
8.309632901E2;5.229430002E1;4.854650325E0;-3.026092705E0;1.206799832E1;1.811249542E2;1.180162380E1;3.000000000E0
8.319632885E2;5.229418665E1;4.854649017E0;-3.446106007E0;1.182938571E1;1.811249542E2;1.207036899E1;3.000000000E0
8.329632877E2;5.229408462E1;4.854604597E0;-3.277687334E0;1.143912233E1;1.820655670E2;6.187917359E0;3.000000000E0
8.339632862E2;5.229396709E1;4.854598217E0;-3.056324394E0;1.094133775E1;1.814433899E2;5.850897862E0;3.000000000E0
8.349632859E2;5.229387510E1;4.854593652E0;-3.221785490E0;1.003277203E1;1.777741852E2;6.036017356E0;3.000000000E0
8.359632849E2;5.229378461E1;4.854629615E0;-3.113062054E0;9.118037600E0;1.750674591E2;5.690439799E0;3.000000000E0
8.369632835E2;5.229370660E1;4.854536718E0;-3.193476907E0;8.072026392E0;1.861702282E2;5.433276692E0;3.000000000E0
8.379632823E2;5.229364250E1;4.854528893E0;-3.212708810E0;7.173142611E0;1.858471696E2;5.095651398E0;3.000000000E0
8.389632819E2;5.229358347E1;4.854524779E0;-3.234932811E0;6.444553257E0;1.852603374E2;4.912824730E0;3.000000000E0
8.399632807E2;5.229354378E1;4.854526930E0;-3.165103432E0;4.813369550E0;1.841003420E2;5.055634724E0;3.000000000E0
8.409632791E2;5.229352145E1;4.854523984E0;-3.836360989E0;3.416039531E0;1.842851921E2;5.027054436E0;3.000000000E0
8.419632783E2;5.229348716E1;4.854527315E0;-4.058446980E0;3.523223369E0;1.829637840E2;5.088439814E0;3.000000000E0
8.429632775E2;5.229344721E1;4.854543495E0;-4.174167917E0;4.420127504E0;1.806040186E2;5.066887241E0;3.000000000E0
8.439632760E2;5.229339337E1;4.854550260E0;-4.161830338E0;5.033109081E0;1.881439607E2;5.142569867E0;3.000000000E0
8.449632751E2;5.229334247E1;4.854540394E0;-3.778470892E0;4.981311918E0;1.987596703E2;5.334991504E0;3.000000000E0
8.459632744E2;5.229329908E1;4.854501533E0;-4.096709422E0;4.727067011E0;2.015457520E2;5.397614505E0;3.000000000E0
8.469632739E2;5.229325396E1;4.854484923E0;-4.063125411E0;4.538201851E0;1.990451508E2;5.512762034E0;3.000000000E0
8.479632723E2;5.229320942E1;4.854495263E0;-3.673044784E0;4.519135908E0;1.756136550E2;5.511788338E0;3.000000000E0
8.489632717E2;5.229317051E1;4.854518954E0;-4.087528280E0;4.716281783E0;1.632052239E2;5.491075445E0;3.000000000E0
8.499632708E2;5.229312140E1;4.854555498E0;-4.148837643E0;5.805857796E0;1.588412031E2;5.464016099E0;3.000000000E0
8.509632699E2;5.229306914E1;4.854591693E0;-4.304003512E0;6.677021167E0;1.586564671E2;5.430636345E0;3.000000000E0
8.519632686E2;5.229300461E1;4.854605833E0;-3.652275394E0;7.325391408E0;1.709828821E2;5.495034035E0;3.000000000E0
8.529632676E2;5.229293777E1;4.854607099E0;-3.610192941E0;7.767853926E0;1.774674423E2;5.488735701E0;3.000000000E0
8.539632667E2;5.229286207E1;4.854613975E0;-3.855909288E0;8.321441030E0;1.788844660E2;5.655542868E0;3.000000000E0
8.549632652E2;5.229278166E1;4.854616353E0;-3.776771188E0;8.796314652E0;1.797024553E2;5.820353884E0;3.000000000E0
8.559632641E2;5.229269741E1;4.854617212E0;-3.363112048E0;9.263499795E0;1.805919747E2;5.933692841E0;3.000000000E0
8.569632634E2;5.229261021E1;4.854614475E0;-3.258259534E0;9.768037678E0;1.821842817E2;6.084599776E0;3.000000000E0
8.579632621E2;5.229251586E1;4.854615038E0;-3.302318270E0;1.024512884E1;1.830127264E2;6.251521243E0;3.000000000E0
8.589632611E2;5.229241833E1;4.854612366E0;-3.498592271E0;1.067715856E1;1.823594970E2;6.289575294E0;3.000000000E0
8.599632607E2;5.229231466E1;4.854620284E0;-3.821905121E0;1.119605214E1;1.792182966E2;6.249725309E0;3.000000000E0
8.609632592E2;5.229221204E1;4.854629223E0;-3.053279174E0;1.147594998E1;1.807465321E2;5.964618790E0;3.000000000E0
8.619632578E2;5.229209811E1;4.854635911E0;-2.930896275E0;1.177564385E1;1.827752280E2;5.869440349E0;3.000000000E0
8.629632577E2;5.229198729E1;4.854641118E0;-3.127362378E0;1.156064762E1;1.828142582E2;5.907096496E0;3.000000000E0
8.639632565E2;5.229188626E1;4.854644069E0;-2.632315957E0;1.088622757E1;1.822413317E2;5.895731116E0;3.000000000E0
8.649632558E2;5.229179309E1;4.854640758E0;-2.347684885E0;9.966265923E0;1.822349488E2;5.983152562E0;3.000000000E0
8.659632547E2;5.229170967E1;4.854637321E0;-2.293274727E0;9.044267146E0;1.826315410E2;6.168556547E0;3.000000000E0
8.669632529E2;5.229163564E1;4.854544166E0;-1.255618136E0;8.419287208E0;1.810871887E2;6.419584391E0;3.000000000E0
8.679632519E2;5.229157269E1;4.854541969E0;-1.576260783E0;7.494751207E0;1.811650085E2;6.652042146E0;3.000000000E0
8.689632515E2;5.229151771E1;4.854540501E0;-2.109071812E0;6.236031909E0;1.808966675E2;6.715941264E0;3.000000000E0
8.699632502E2;5.229147899E1;4.854539513E0;-1.863716021E0;4.832825852E0;1.808966675E2;6.786538849E0;3.000000000E0
8.709632488E2;5.229145515E1;4.854538904E0;-2.195299664E0;3.544672444E0;1.808966675E2;6.875084488E0;3.000000000E0
8.719632477E2;5.229144363E1;4.854565286E0;-2.193279913E0;2.374865929E0;1.808966675E2;6.853679431E0;3.000000000E0
8.729632469E2;5.229143940E1;4.854538502E0;-2.792122272E0;8.920583807E-1;1.808966675E2;6.977420426E0;3.000000000E0
8.739632462E2;5.229144004E1;4.854538519E0;-2.833734686E0;7.519770479E-2;1.808966675E2;6.937706378E0;3.000000000E0
8.749632453E2;5.229143819E1;4.854538471E0;-3.591632209E0;1.055661727E-1;1.808966675E2;6.734218212E0;3.000000000E0
8.759632443E2;5.229143657E1;4.854538430E0;-3.626239767E0;1.093888914E-1;1.808966675E2;6.589125197E0;3.000000000E0
8.769632432E2;5.229143065E1;4.854538279E0;-2.838187068E0;8.717276682E-2;1.808966675E2;6.520943665E0;3.000000000E0
8.779632422E2;5.229142859E1;4.854538226E0;-3.297092621E0;9.341502435E-2;1.808966675E2;6.475591628E0;3.000000000E0
8.789632415E2;5.229142670E1;4.854538178E0;-3.356238207E0;8.410300985E-2;1.808966675E2;6.413573221E0;3.000000000E0
8.799632397E2;5.229142025E1;4.854538013E0;-3.397716297E0;0.000000000E0;1.808966675E2;6.357676417E0;3.000000000E0
8.809632396E2;5.229142025E1;4.854538013E0;-3.397716297E0;0.000000000E0;1.808966675E2;6.342188654E0;3.000000000E0
8.819632376E2;5.229142025E1;4.854538013E0;-3.397716297E0;0.000000000E0;1.808966675E2;6.277631406E0;3.000000000E0
8.829632367E2;5.229141313E1;4.854537832E0;-3.270838613E0;2.610011680E-2;1.808966675E2;6.240087562E0;3.000000000E0
8.839632365E2;5.229141338E1;4.854537838E0;-3.283350825E0;0.000000000E0;1.808966675E2;6.300150902E0;3.000000000E0
8.849632345E2;5.229140760E1;4.854537691E0;-2.615360362E0;9.475870368E-2;1.808966675E2;6.309628572E0;3.000000000E0
8.859632344E2;5.229140790E1;4.854537698E0;-2.572191638E0;0.000000000E0;1.808966675E2;6.297927178E0;3.000000000E0
8.869632326E2;5.229140790E1;4.854537698E0;-2.572191638E0;0.000000000E0;1.808966675E2;6.275319646E0;3.000000000E0
8.879632317E2;5.229140856E1;4.854537728E0;-2.572191638E0;0.000000000E0;1.814017944E2;6.240355853E0;3.000000000E0
8.889632311E2;5.229140790E1;4.854537698E0;-2.572191638E0;0.000000000E0;1.808966675E2;6.374012548E0;3.000000000E0
8.899632297E2;5.229140140E1;4.854537443E0;-3.222731121E0;8.070984145E-3;1.814017944E2;1.157179836E1;3.000000000E0
8.909632294E2;5.229139985E1;4.854537381E0;-3.167104044E0;2.391174221E-2;1.814017944E2;1.199801773E1;3.000000000E0
8.919632280E2;5.229139961E1;4.854537371E0;-3.174446487E0;0.000000000E0;1.814017944E2;1.221451000E1;3.000000000E0
8.929632268E2;5.229139961E1;4.854537371E0;-3.174446487E0;0.000000000E0;1.814017944E2;1.221451003E1;3.000000000E0
8.939632258E2;5.229139969E1;4.854537374E0;-3.131279306E0;6.946039360E-2;1.814017944E2;1.231136233E1;3.000000000E0
8.949632248E2;5.229140086E1;4.854537421E0;-3.171685932E0;7.660219092E-2;1.814017944E2;1.216955685E1;3.000000000E0
8.959637734E2;5.229140213E1;4.854537472E0;-3.184974997E0;0.000000000E0;1.814017944E2;1.208262377E1;3.000000000E0
8.969633491E2;5.229140243E1;4.854537484E0;-3.162381799E0;1.054767159E-1;1.814017944E2;1.191624774E1;3.000000000E0
8.979633486E2;5.229139564E1;4.854537213E0;-3.168060645E0;7.573237382E-1;1.814017944E2;1.176778672E1;3.000000000E0
8.989637257E2;5.229137600E1;4.854536429E0;-3.408350227E0;2.088493041E0;1.814017944E2;1.156313921E1;3.000000000E0
8.999638159E2;5.229134580E1;4.854535223E0;-3.419009649E0;3.308320463E0;1.814017944E2;1.119433501E1;3.000000000E0
9.009638152E2;5.229132041E1;4.854514514E0;-3.213397584E0;4.391477909E0;1.814017944E2;4.606283354E0;3.000000000E0
9.019641137E2;5.229127516E1;4.854504251E0;-3.193668321E0;4.960913584E0;1.814017944E2;4.095554097E0;3.000000000E0
9.029635849E2;5.229122677E1;4.854504874E0;-3.171952635E0;5.036173549E0;1.808254547E2;4.269446162E0;3.000000000E0
9.039635835E2;5.229119053E1;4.854501664E0;-2.920378353E0;4.091918130E0;1.808254547E2;4.485523024E0;3.000000000E0
9.049641315E2;5.229116023E1;4.854501660E0;-3.116198936E0;3.031941029E0;1.808254547E2;4.652257578E0;3.000000000E0
9.059632933E2;5.229113303E1;4.854502183E0;-3.309772157E0;2.858125673E0;1.806084900E2;4.888586786E0;3.000000000E0
9.069632916E2;5.229109722E1;4.854501392E0;-3.624835800E0;3.803742312E0;1.806084900E2;5.196081166E0;3.000000000E0
9.079639695E2;5.229105255E1;4.854503520E0;-3.559075403E0;4.678095198E0;1.806084900E2;5.453423508E0;3.000000000E0
9.089639202E2;5.229100551E1;4.854503633E0;-3.239768825E0;4.743558356E0;1.814252625E2;5.608641796E0;3.000000000E0
9.099639196E2;5.229096505E1;4.854498867E0;-3.253361718E0;4.438433980E0;1.805624084E2;5.624611886E0;3.000000000E0
9.109639183E2;5.229092761E1;4.854492778E0;-3.095551398E0;4.011869135E0;1.805624084E2;5.831481383E0;3.000000000E0
9.119639174E2;5.229089426E1;4.854471340E0;-3.272765351E0;4.068555371E0;2.023928706E2;6.071405829E0;3.000000000E0
9.129639169E2;5.229086201E1;4.854417031E0;-3.415214867E0;4.736148289E0;2.185417300E2;6.248983857E0;3.000000000E0
9.139639161E2;5.229084473E1;4.854336926E0;-3.495778167E0;5.353152566E0;2.406370104E2;6.229738168E0;3.000000000E0
9.149639148E2;5.229083422E1;4.854245791E0;-3.059976670E0;6.031938328E0;2.595020353E2;6.347199236E0;3.000000000E0
9.159639136E2;5.229083687E1;4.854134175E0;-3.038137379E0;6.699869882E0;2.680324775E2;6.487124367E0;3.000000000E0
9.169639125E2;5.229083948E1;4.854022416E0;-2.861743401E0;7.271887115E0;2.701016088E2;6.553591533E0;3.000000000E0
9.179639113E2;5.229081410E1;4.853892366E0;-3.135691421E0;7.973906022E0;2.714554443E2;6.845633570E0;3.000000000E0
9.189639107E2;5.229081620E1;4.853757531E0;-3.308885312E0;8.600931193E0;2.714554443E2;7.193068744E0;3.000000000E0
9.199639096E2;5.229080760E1;4.853614139E0;-3.430376821E0;9.282061064E0;2.714554443E2;5.388705466E0;3.000000000E0
9.209639083E2;5.229080807E1;4.853458673E0;-3.796105215E0;9.889044757E0;2.714716492E2;5.537313610E0;3.000000000E0
9.219639075E2;5.229081100E1;4.853317949E0;-3.134511111E0;1.014695437E1;2.714716492E2;5.707040612E0;3.000000000E0
9.229639062E2;5.229081494E1;4.853146112E0;-3.678458326E0;1.070994776E1;2.714716492E2;5.902701723E0;3.000000000E0
9.239639051E2;5.229081722E1;4.852974109E0;-3.608458673E0;1.106404164E1;2.714716492E2;5.992811499E0;3.000000000E0
9.249639046E2;5.229081685E1;4.852807444E0;-3.133857614E0;1.132751638E1;2.715371094E2;5.996582777E0;3.000000000E0
9.259639032E2;5.229082482E1;4.852625657E0;-3.534849504E0;1.160783880E1;2.715371094E2;6.028160174E0;3.000000000E0
9.269639028E2;5.229082479E1;4.852455185E0;-2.761709670E0;1.137985319E1;2.717771606E2;6.044938014E0;3.000000000E0
9.279639018E2;5.229082610E1;4.852288480E0;-3.393711354E0;1.117036214E1;2.711138611E2;6.096375715E0;3.000000000E0
9.289639001E2;5.229082735E1;4.852128206E0;-2.629611610E0;1.087852930E1;2.716008301E2;6.223218985E0;3.000000000E0
9.299638996E2;5.229083153E1;4.851974276E0;-2.925236381E0;1.026250104E1;2.709587402E2;6.367878122E0;3.000000000E0
9.309638984E2;5.229083546E1;4.851841814E0;-3.209473533E0;9.415817238E0;2.709587402E2;6.490213562E0;3.000000000E0
9.319638977E2;5.229084325E1;4.851721265E0;-3.526018421E0;8.583276520E0;2.709587402E2;6.525659734E0;3.000000000E0
9.329638963E2;5.229084421E1;4.851605680E0;-3.714824034E0;8.048394773E0;2.709587402E2;6.525230688E0;3.000000000E0
9.339638958E2;5.229085388E1;4.851500853E0;-4.798735526E0;7.477834364E0;2.709587402E2;6.543855322E0;3.000000000E0
9.349638945E2;5.229084665E1;4.851386503E0;-3.618831164E0;7.463253123E0;2.720072327E2;6.483670965E0;3.000000000E0
9.359638929E2;5.229082666E1;4.851271953E0;-3.489022772E0;7.941994244E0;2.720072327E2;6.479094693E0;3.000000000E0
9.369638927E2;5.229083958E1;4.851152440E0;-3.527475481E0;8.346737394E0;2.722743530E2;6.271903304E0;3.000000000E0
9.379638915E2;5.229084266E1;4.851025883E0;-3.483413420E0;8.827182821E0;2.722743530E2;6.301605658E0;3.000000000E0
9.389638903E2;5.229084941E1;4.850912065E0;-3.476615184E0;9.210058101E0;2.726646118E2;4.156773935E0;3.000000000E0
9.399638896E2;5.229085492E1;4.850776376E0;-3.829173930E0;9.676657872E0;2.741343384E2;4.358029373E0;3.000000000E0
9.409638885E2;5.229086531E1;4.850633156E0;-3.875734174E0;1.008785018E1;2.756271057E2;4.593877133E0;3.000000000E0
9.419638870E2;5.229087751E1;4.850495050E0;-3.618642226E0;1.037076491E1;2.777649231E2;5.430590274E0;3.000000000E0
9.429638858E2;5.229089392E1;4.850351863E0;-2.927198549E0;1.051700101E1;2.777649231E2;5.499779472E0;3.000000000E0
9.439638849E2;5.229091756E1;4.850200702E0;-3.015077651E0;1.081190125E1;2.801869812E2;5.436516749E0;3.000000000E0
9.449638840E2;5.229093753E1;4.850018884E0;-2.999923458E0;1.132454526E1;2.801869812E2;5.862763582E0;3.000000000E0
9.459638828E2;5.229095547E1;4.849843118E0;-3.346748249E0;1.162616199E1;2.801869812E2;6.127744131E0;3.000000000E0
9.469638823E2;5.229097602E1;4.849673063E0;-3.620485655E0;1.177801456E1;2.801869812E2;6.503846598E0;3.000000000E0
9.479638809E2;5.229099872E1;4.849502672E0;-3.804611013E0;1.194750554E1;2.800659485E2;6.821114321E0;3.000000000E0
9.489638802E2;5.229101349E1;4.849326640E0;-3.717859590E0;1.207717791E1;2.800659485E2;7.084104631E0;3.000000000E0
9.499638790E2;5.229103489E1;4.849143150E0;-4.034602950E0;1.230703062E1;2.800659485E2;7.268881910E0;3.000000000E0
9.509638782E2;5.229105266E1;4.848960863E0;-3.880954172E0;1.246675981E1;2.800659485E2;7.333149808E0;3.000000000E0
9.519638772E2;5.229107019E1;4.848757772E0;-3.899789026E0;1.278249809E1;2.801104431E2;7.185182382E0;3.000000000E0
9.529638764E2;5.229108460E1;4.848562264E0;-3.813141333E0;1.294068469E1;2.801104431E2;7.166396737E0;3.000000000E0
9.539638755E2;5.229110463E1;4.848367404E0;-3.861692737E0;1.312543289E1;2.801104431E2;7.151389197E0;3.000000000E0
9.549638736E2;5.229112966E1;4.848182575E0;-3.970367535E0;1.320937066E1;2.801104431E2;7.168406099E0;3.000000000E0
9.559638724E2;5.229115110E1;4.847989867E0;-3.576677043E0;1.333340337E1;2.800740662E2;7.336741613E0;3.000000000E0
9.569638715E2;5.229117059E1;4.847788309E0;-3.610183907E0;1.351775249E1;2.800740662E2;7.402275347E0;3.000000000E0
9.579638711E2;5.229118898E1;4.847590277E0;-3.523937440E0;1.359221593E1;2.800740662E2;7.529718787E0;3.000000000E0
9.589638703E2;5.229120840E1;4.847395343E0;-3.382676174E0;1.359316005E1;2.800740662E2;7.630407847E0;3.000000000E0
9.599638693E2;5.229122925E1;4.847197652E0;-3.522789759E0;1.357619590E1;2.800740662E2;7.875998128E0;3.000000000E0
9.609638680E2;5.229125666E1;4.846999476E0;-3.562007321E0;1.354008060E1;2.800740662E2;8.094897824E0;3.000000000E0
9.619638673E2;5.229127822E1;4.846800411E0;-3.407142166E0;1.329698871E1;2.800740662E2;8.210678463E0;3.000000000E0
9.629638661E2;5.229130021E1;4.846605530E0;-3.249980089E0;1.298188671E1;2.802029419E2;8.323442086E0;3.000000000E0
9.639638654E2;5.229132202E1;4.846408829E0;-3.278959291E0;1.272731669E1;2.802029419E2;8.419590268E0;3.000000000E0
9.649638643E2;5.229133708E1;4.846218165E0;-3.020956575E0;1.243963778E1;2.799021301E2;8.544862302E0;3.000000000E0
9.659638629E2;5.229136082E1;4.846046353E0;-3.597289006E0;1.202544842E1;2.803448181E2;8.697883592E0;3.000000000E0
9.669638622E2;5.229137978E1;4.845869336E0;-3.774258220E0;1.174349285E1;2.803448181E2;8.969067491E0;3.000000000E0
9.679638606E2;5.229139848E1;4.845708486E0;-3.573210876E0;1.133947112E1;2.803448181E2;9.221263265E0;3.000000000E0
9.689638602E2;5.229141339E1;4.845544330E0;-3.103669075E0;1.096454048E1;2.799476318E2;9.271068860E0;3.000000000E0
9.699638588E2;5.229142298E1;4.845364872E0;-3.429133165E0;1.065940774E1;2.799476318E2;9.126117196E0;3.000000000E0
9.709638575E2;5.229143932E1;4.845184560E0;-3.154413979E0;1.035658210E1;2.804479675E2;8.702929205E0;3.000000000E0
9.719638566E2;5.229145472E1;4.845029223E0;-2.784319981E0;9.881434203E0;2.804479675E2;8.646619179E0;3.000000000E0
9.729638560E2;5.229146630E1;4.844886785E0;-2.409363886E0;9.019989114E0;2.805499573E2;8.781946948E0;3.000000000E0
9.739638548E2;5.229147683E1;4.844755661E0;-2.032745658E0;8.145199640E0;2.805499573E2;8.997561477E0;3.000000000E0
9.749638534E2;5.229151142E1;4.844667007E0;-1.874028635E0;7.174683811E0;2.805499573E2;6.090114348E0;3.000000000E0
9.759638528E2;5.229152374E1;4.844567831E0;-1.819910217E0;6.302825703E0;2.792338867E2;6.270364736E0;3.000000000E0
9.769638520E2;5.229153604E1;4.844473219E0;-1.454742647E0;5.560656235E0;2.792338867E2;6.485303822E0;3.000000000E0
9.779638509E2;5.229154772E1;4.844404037E0;-1.862326979E0;4.612762041E0;2.792338867E2;6.673478225E0;3.000000000E0
9.789638499E2;5.229155592E1;4.844344422E0;-1.720793874E0;4.015827273E0;2.792338867E2;6.843804771E0;3.000000000E0
9.799638482E2;5.229155955E1;4.844290797E0;-1.682034680E0;3.626665908E0;2.792338867E2;6.993377383E0;3.000000000E0
9.809638472E2;5.229156532E1;4.844262101E0;-1.777944322E0;3.223774464E0;2.792338867E2;7.160163338E0;3.000000000E0
9.819638463E2;5.229157260E1;4.844250918E0;-1.872710968E0;2.636993002E0;2.792338867E2;7.211892123E0;3.000000000E0
9.829638453E2;5.229157551E1;4.844243176E0;-1.933281584E0;2.259773085E0;2.793537598E2;7.172587611E0;3.000000000E0
9.839638447E2;5.229157367E1;4.844259517E0;-2.193976108E0;1.984447971E0;2.792338867E2;7.102093444E0;3.000000000E0
9.849638435E2;5.229157354E1;4.844264839E0;-2.258728402E0;1.861302410E0;2.792338867E2;7.132214845E0;3.000000000E0
9.859638425E2;5.229155331E1;4.844254896E0;-2.250130628E0;1.848199556E0;2.792338867E2;5.833748808E0;3.000000000E0
9.869638418E2;5.229155264E1;4.844239740E0;-2.240147023E0;1.866746720E0;2.792338867E2;5.771967843E0;3.000000000E0
9.879638408E2;5.229155290E1;4.844230596E0;-2.286486174E0;1.852076592E0;2.793537598E2;5.785523555E0;3.000000000E0
9.889638399E2;5.229155377E1;4.844222836E0;-2.302888240E0;1.783852163E0;2.793537598E2;5.763893678E0;3.000000000E0
9.899638388E2;5.229155085E1;4.844227580E0;-2.355811518E0;1.707463101E0;2.793537598E2;5.708041863E0;3.000000000E0
9.909638376E2;5.229155276E1;4.844224636E0;-2.339495381E0;1.676883719E0;2.793537598E2;5.815659246E0;3.000000000E0
9.919638366E2;5.229155493E1;4.844214012E0;-2.268428543E0;1.639791159E0;2.793537598E2;5.988580891E0;3.000000000E0
9.929638354E2;5.229155496E1;4.844206517E0;-2.182603506E0;1.543075730E0;2.793537598E2;6.144909179E0;3.000000000E0
9.939638342E2;5.229155299E1;4.844204567E0;-2.094871180E0;1.403204985E0;2.793537598E2;6.321243121E0;3.000000000E0
9.949638332E2;5.229154833E1;4.844203524E0;-2.059676041E0;1.319852023E0;2.793537598E2;6.604678751E0;3.000000000E0
9.959638323E2;5.229154602E1;4.844199500E0;-2.036262377E0;1.304076374E0;2.793537598E2;6.855533142E0;3.000000000E0
9.969638313E2;5.229154244E1;4.844197553E0;-1.938438640E0;1.292409649E0;2.793537598E2;7.061276867E0;3.000000000E0
9.979638308E2;5.229153864E1;4.844193375E0;-1.841879562E0;1.288592660E0;2.793537598E2;7.204929744E0;3.000000000E0
9.989638294E2;5.229155880E1;4.844193419E0;-1.820223854E0;1.287003830E0;2.793537598E2;5.981339654E0;3.000000000E0
9.999638283E2;5.229155816E1;4.844199955E0;-1.763982074E0;1.172082611E0;2.793537598E2;6.027307929E0;3.000000000E0
1.000963828E3;5.229155654E1;4.844207086E0;-1.710040142E0;1.058234015E0;2.793537598E2;6.074307120E0;3.000000000E0
1.001963826E3;5.229155450E1;4.844213880E0;-1.755281284E0;9.500795679E-1;2.793537598E2;6.270798450E0;3.000000000E0
1.002963826E3;5.229155212E1;4.844222345E0;-1.792179913E0;8.773140238E-1;2.793537598E2;6.485912923E0;3.000000000E0
1.003963824E3;5.229155089E1;4.844229783E0;-1.866876283E0;8.149614549E-1;2.793537598E2;6.646533257E0;3.000000000E0
1.004963823E3;5.229154955E1;4.844235033E0;-1.745717371E0;7.912684020E-1;2.793537598E2;6.826754918E0;3.000000000E0
1.005963822E3;5.229154992E1;4.844237354E0;-1.653004237E0;7.887197694E-1;2.792338867E2;6.978062843E0;3.000000000E0
1.006963821E3;5.229154995E1;4.844230912E0;-1.720563136E0;8.339003198E-1;2.793537598E2;7.144958877E0;3.000000000E0
1.007963820E3;5.229154910E1;4.844224911E0;-1.517938384E0;8.904360596E-1;2.793537598E2;7.427484693E0;3.000000000E0
1.008963819E3;5.229155006E1;4.844225528E0;-1.566080448E0;8.960906889E-1;2.793537598E2;7.598019844E0;3.000000000E0
1.009963818E3;5.229155246E1;4.844221957E0;-1.642236482E0;8.854501055E-1;2.793537598E2;7.794637368E0;3.000000000E0
1.010963817E3;5.229155296E1;4.844213472E0;-1.664951497E0;9.285340652E-1;2.793537598E2;7.983813236E0;3.000000000E0
1.011963816E3;5.229155023E1;4.844236616E0;-1.589736479E0;0.000000000E0;2.793537598E2;7.536332062E0;3.000000000E0
1.012963815E3;5.229154308E1;4.844284310E0;-1.569215208E0;2.540125840E-1;2.792338867E2;7.288127870E0;3.000000000E0
1.013963814E3;5.229154340E1;4.844284965E0;-1.559021749E0;0.000000000E0;2.792338867E2;7.170954757E0;3.000000000E0
1.014963813E3;5.229153164E1;4.844294800E0;-1.361968943E0;1.655807203E-1;2.792338867E2;7.207027780E0;3.000000000E0
1.015963812E3;5.229153136E1;4.844294652E0;-1.485684915E0;0.000000000E0;2.792338867E2;7.206221606E0;3.000000000E0
1.016963811E3;5.229152483E1;4.844299146E0;-1.320400490E0;1.418551882E-1;2.792338867E2;7.160570620E0;3.000000000E0
1.017963810E3;5.229152505E1;4.844299950E0;-1.306915875E0;0.000000000E0;2.792338867E2;7.132927214E0;3.000000000E0
1.018963809E3;5.229153848E1;4.844323628E0;-1.662242198E0;0.000000000E0;2.792338867E2;6.929146797E0;3.000000000E0
1.019963808E3;5.229153840E1;4.844324422E0;-1.627315210E0;6.839543911E-2;2.792338867E2;6.941526357E0;3.000000000E0
1.020963421E3;5.229153812E1;4.844327175E0;-1.657129292E0;0.000000000E0;2.792338867E2;6.424054083E0;3.000000000E0
1.021964222E3;5.229153812E1;4.844327175E0;-1.657129292E0;0.000000000E0;2.792338867E2;6.300271932E0;3.000000000E0
1.022964221E3;5.229153812E1;4.844327175E0;-1.657129292E0;0.000000000E0;2.792338867E2;6.303376192E0;3.000000000E0
1.023963659E3;5.229153812E1;4.844327175E0;-1.657129292E0;0.000000000E0;2.792338867E2;6.759382064E0;3.000000000E0
1.024964043E3;5.229153812E1;4.844327175E0;-1.657129292E0;0.000000000E0;2.792338867E2;7.147374582E0;3.000000000E0
1.025964041E3;5.229153812E1;4.844327175E0;-1.657129292E0;0.000000000E0;2.792338867E2;7.753802895E0;3.000000000E0
1.026964199E3;5.229153812E1;4.844327175E0;-1.657129292E0;0.000000000E0;2.792338867E2;7.813427517E0;3.000000000E0
1.027964126E3;5.229153812E1;4.844327175E0;-1.657129292E0;0.000000000E0;2.792338867E2;8.535691141E0;3.000000000E0
1.028964125E3;5.229153812E1;4.844327175E0;-1.657129292E0;0.000000000E0;2.792338867E2;9.557274665E0;3.000000000E0
1.029964148E3;5.229153812E1;4.844327175E0;-1.657129292E0;0.000000000E0;2.792338867E2;1.115553067E1;3.000000000E0
1.030964110E3;5.229153764E1;4.844332073E0;-1.982218787E0;0.000000000E0;2.792338867E2;1.195393169E1;3.000000000E0
1.031964109E3;5.229153764E1;4.844332073E0;-1.982218787E0;0.000000000E0;2.792338867E2;1.245542218E1;3.000000000E0
1.032963943E3;5.229153764E1;4.844332073E0;-1.982218787E0;0.000000000E0;2.792338867E2;1.296962298E1;3.054948903E0
1.033963683E3;5.229152970E1;4.844260248E0;-1.653849895E0;1.915213290E0;2.792338867E2;1.317321619E1;3.000000000E0
1.034963683E3;5.229152950E1;4.844260915E0;-1.676718485E0;0.000000000E0;2.792338867E2;1.308665063E1;3.000000000E0
1.035963681E3;5.229153939E1;4.844232888E0;-1.434946738E0;0.000000000E0;2.793537598E2;1.339836027E1;3.000000000E0
1.036963681E3;5.229155317E1;4.844129791E0;-9.281254280E-1;2.884756827E0;2.793537598E2;1.357941881E1;3.000000000E0
1.037963679E3;5.229157043E1;4.844016238E0;-1.889581640E0;4.372867044E0;2.793537598E2;1.421877453E1;3.000000000E0
1.038963679E3;5.229158132E1;4.843906665E0;-8.487004265E-1;5.285355157E0;2.804403381E2;1.410722734E1;3.000000000E0
1.039963677E3;5.229158988E1;4.843820588E0;-2.205492808E-1;5.332828415E0;2.807964783E2;1.390387262E1;3.000000000E0
1.040963676E3;5.229158827E1;4.843739323E0;6.802031426E-1;5.199864176E0;2.806421204E2;1.388186564E1;3.000000000E0
1.041963675E3;5.229160667E1;4.843685687E0;-9.582178891E-1;4.985317750E0;2.806421204E2;1.397573323E1;3.000000000E0
1.042963675E3;5.229161109E1;4.843647365E0;-8.757635225E-1;4.597891502E0;2.452785806E2;1.359431668E1;3.000000000E0
1.043963674E3;5.229160109E1;4.843630517E0;-1.669047423E0;4.564001457E0;2.210996266E2;1.347895670E1;3.000000000E0
1.044963672E3;5.229143908E1;4.843533294E0;-2.121169511E-1;5.215041958E0;1.876411896E2;1.318962218E1;3.000000000E0
1.045963671E3;5.229135608E1;4.843515135E0;-1.923253480E-1;6.595023387E0;1.876411896E2;1.210773690E1;3.000000000E0
1.046963670E3;5.229126680E1;4.843519684E0;8.047423791E-2;7.727447250E0;1.900972443E2;1.173438478E1;3.000000000E0
1.047963669E3;5.229118042E1;4.843467908E0;1.886367298E0;8.506478513E0;1.903761902E2;1.085712193E1;3.000000000E0
1.048963669E3;5.229108414E1;4.843464743E0;2.567826849E0;9.257749750E0;1.903761902E2;1.149166370E1;3.000000000E0
1.049963667E3;5.229099417E1;4.843429125E0;1.652995392E0;9.780453522E0;1.918260803E2;1.143462374E1;3.000000000E0
1.050963667E3;5.229089345E1;4.843369489E0;1.316988275E0;1.060692920E1;1.947449951E2;1.083762882E1;3.000000000E0
1.051963665E3;5.229079468E1;4.843327096E0;9.693586333E-1;1.094899670E1;1.947449951E2;9.038879769E0;3.000000000E0
1.052963664E3;5.229069033E1;4.843282219E0;2.478154749E-2;1.129386232E1;1.936022034E2;8.668827762E0;3.000000000E0
1.053963663E3;5.229058857E1;4.843242066E0;4.102376206E-1;1.143805352E1;1.936022034E2;1.264471951E1;3.000000000E0
1.054963662E3;5.229048356E1;4.843202265E0;-1.207113710E0;1.167484243E1;1.921398773E2;1.000160801E1;3.000000000E0
1.055963661E3;5.229037229E1;4.843165847E0;-1.533977997E0;1.208366986E1;1.906781769E2;8.862668337E0;3.000000000E0
1.056963660E3;5.229026196E1;4.843132075E0;-1.220156249E0;1.228625617E1;1.906212006E2;8.343982113E0;3.000000000E0
1.057963659E3;5.229014915E1;4.843128585E0;-5.460018860E-1;1.231659648E1;1.888861389E2;1.036932695E1;3.000000000E0
1.058963658E3;5.229004003E1;4.843090040E0;-1.848675372E0;1.222160423E1;1.902513275E2;1.058711792E1;3.000000000E0
1.059963657E3;5.228993539E1;4.843006971E0;-2.160873398E0;1.210386830E1;1.902513275E2;6.765131113E0;3.000000000E0
1.060963656E3;5.228983319E1;4.842975446E0;-2.461231890E0;1.166952775E1;1.924637825E2;4.893068885E0;3.000000000E0
1.061963655E3;5.228973191E1;4.842950869E0;-1.418439050E0;1.153664068E1;1.900739063E2;4.844958668E0;3.000000000E0
1.062963654E3;5.228962192E1;4.842924769E0;-1.688062384E0;1.191278867E1;1.883000924E2;5.091948881E0;3.000000000E0
1.063963653E3;5.228951860E1;4.842886774E0;-6.259467462E-1;1.189255194E1;1.894724810E2;5.312705551E0;3.000000000E0
1.064963652E3;5.228941124E1;4.842857858E0;-7.585230730E-1;1.181609256E1;1.889768677E2;5.599719717E0;3.000000000E0
1.065963651E3;5.228931063E1;4.842818005E0;-1.240678350E0;1.144465802E1;1.887163234E2;5.740304486E0;3.000000000E0
1.066963650E3;5.228920783E1;4.842779094E0;-2.124069868E0;1.125917636E1;1.893209770E2;5.916443335E0;3.000000000E0
1.067963649E3;5.228910390E1;4.842746963E0;-2.779857520E0;1.108079977E1;1.893290737E2;5.841853980E0;3.000000000E0
1.068963647E3;5.228901525E1;4.842723717E0;-2.083117445E0;1.032619342E1;1.897623364E2;5.821082780E0;3.000000000E0
1.069963647E3;5.228892801E1;4.842696235E0;-2.605640178E0;9.638651651E0;1.903581731E2;5.907819083E0;3.000000000E0
1.070963646E3;5.228884825E1;4.842677090E0;-1.653983447E0;8.972638233E0;1.902423908E2;6.039001002E0;3.000000000E0
1.071963645E3;5.228877822E1;4.842651659E0;-2.927501334E0;7.795758436E0;1.909733921E2;6.124106063E0;3.000000000E0
1.072963643E3;5.228870419E1;4.842631022E0;-2.483613265E0;7.391218210E0;1.904767151E2;6.272076176E0;3.000000000E0
1.073963642E3;5.228864523E1;4.842614560E0;-2.310878827E0;6.706318901E0;1.904767151E2;6.583090332E0;3.000000000E0
1.074963642E3;5.228860064E1;4.842601543E0;-2.667922424E0;5.759764637E0;1.904767151E2;6.945154463E0;3.000000000E0
1.075963640E3;5.228856276E1;4.842589725E0;-2.739442112E0;4.910512387E0;1.900935211E2;6.998874905E0;3.000000000E0
1.076963640E3;5.228851225E1;4.842600556E0;-2.712804101E0;4.547133028E0;1.900935211E2;6.641965968E0;3.000000000E0
1.077963639E3;5.228847929E1;4.842610089E0;-2.496704111E0;3.713088482E0;1.900935211E2;6.192569600E0;3.000000000E0
1.078963638E3;5.228845725E1;4.842599386E0;-2.632798634E0;2.830579551E0;1.900935211E2;6.020116429E0;3.000000000E0
1.079963637E3;5.228844109E1;4.842595287E0;-2.839180680E0;1.993513829E0;1.900935211E2;5.891267540E0;3.000000000E0
1.080963636E3;5.228843550E1;4.842599054E0;-2.571374231E0;1.066581860E0;1.881479428E2;5.805144865E0;3.000000000E0
1.081963634E3;5.228843364E1;4.842609295E0;-2.653233675E0;4.184772333E-1;1.881479508E2;5.681615652E0;3.000000000E0
1.082963634E3;5.228843801E1;4.842623996E0;-2.496441267E0;4.858124786E-2;1.881479623E2;5.566332316E0;3.000000000E0
1.083963632E3;5.228843790E1;4.842647305E0;-2.385117783E0;1.778173739E-1;1.881479804E2;5.503091037E0;3.000000000E0
1.084963632E3;5.228844432E1;4.842598012E0;-2.094571440E0;2.565040396E-1;1.886626282E2;5.501366046E0;3.000000000E0
1.085963630E3;5.228843914E1;4.842596723E0;-1.936872974E0;1.616242890E-1;1.886626282E2;5.455277306E0;3.000000000E0
1.086963629E3;5.228844010E1;4.842596964E0;-1.932066835E0;0.000000000E0;1.886626282E2;5.453788945E0;3.000000000E0
1.087963629E3;5.228844010E1;4.842596964E0;-1.932066835E0;0.000000000E0;1.886626282E2;5.404233182E0;3.000000000E0
1.088963628E3;5.228844010E1;4.842596964E0;-1.932066835E0;0.000000000E0;1.886626282E2;5.334374641E0;3.000000000E0
1.089963627E3;5.228844147E1;4.842594912E0;-1.932066835E0;0.000000000E0;1.900935211E2;4.579664045E0;3.000000000E0
1.090963625E3;5.228844147E1;4.842594912E0;-1.932066835E0;0.000000000E0;1.900935211E2;4.282553634E0;3.000000000E0
1.091963624E3;5.228844147E1;4.842594912E0;-1.932066835E0;0.000000000E0;1.900935211E2;4.043679368E0;3.000000000E0
1.092963624E3;5.228844147E1;4.842594912E0;-1.932066835E0;0.000000000E0;1.900935211E2;3.884102105E0;3.000000000E0
1.093963622E3;5.228844147E1;4.842594912E0;-1.932066835E0;0.000000000E0;1.900935211E2;3.798725400E0;3.000000000E0
1.094963621E3;5.228844147E1;4.842594912E0;-1.932066835E0;0.000000000E0;1.900935211E2;3.721020407E0;3.000000000E0
1.095963620E3;5.228844147E1;4.842594912E0;-1.932066835E0;0.000000000E0;1.900935211E2;3.663419071E0;3.000000000E0
1.096963619E3;5.228844147E1;4.842594912E0;-1.932066835E0;0.000000000E0;1.900935211E2;3.610958030E0;3.000000000E0
1.097963619E3;5.228844147E1;4.842594912E0;-1.932066835E0;0.000000000E0;1.900935211E2;3.550749802E0;3.000000000E0
1.098963618E3;5.228844147E1;4.842594912E0;-1.932066835E0;0.000000000E0;1.900935211E2;3.504727490E0;3.000000000E0
1.099963616E3;5.228844147E1;4.842594912E0;-1.932066835E0;0.000000000E0;1.900935211E2;3.448652264E0;3.000000000E0
1.100963615E3;5.228844147E1;4.842594912E0;-1.932066835E0;0.000000000E0;1.900935211E2;3.467498592E0;3.000000000E0
1.101963615E3;5.228844147E1;4.842594912E0;-1.932066835E0;0.000000000E0;1.900935211E2;3.394123663E0;3.000000000E0
1.102963613E3;5.228844147E1;4.842594912E0;-1.932066835E0;0.000000000E0;1.900935211E2;3.416087032E0;3.000000000E0
1.103963612E3;5.228844147E1;4.842594912E0;-1.932066835E0;0.000000000E0;1.900935211E2;3.488525125E0;3.000000000E0
1.104963611E3;5.228844147E1;4.842594912E0;-1.932066835E0;0.000000000E0;1.900935211E2;3.414098869E0;3.000000000E0
1.105963610E3;5.228844147E1;4.842594912E0;-1.932066835E0;0.000000000E0;1.900935211E2;3.421904751E0;3.000000000E0
1.106963609E3;5.228844147E1;4.842594912E0;-1.932066835E0;0.000000000E0;1.900935211E2;3.403484791E0;3.000000000E0
1.107963608E3;5.228842593E1;4.842593698E0;-1.810858404E0;9.953094512E-1;1.879752655E2;7.901492624E0;3.000000000E0
1.108963607E3;5.228840264E1;4.842588376E0;-1.830315659E0;2.377827532E0;1.879752655E2;8.260353769E0;3.000000000E0
1.109963606E3;5.228836612E1;4.842580031E0;-1.815568711E0;3.827633543E0;1.879752655E2;8.642978345E0;3.000000000E0
1.110963605E3;5.228832004E1;4.842569505E0;-1.797378983E0;5.075441833E0;1.879605560E2;9.019080764E0;3.000000000E0
1.111963604E3;5.228826608E1;4.842557200E0;-1.757535040E0;6.031781429E0;1.879605560E2;9.575507681E0;3.000000000E0
1.112963603E3;5.228820342E1;4.842544622E0;-1.518606599E0;6.818957236E0;1.865455933E2;1.005145888E1;3.000000000E0
1.113963602E3;5.228814499E1;4.842530183E0;-1.279205581E0;7.488832961E0;1.865455933E2;3.317121511E0;3.000000000E0
1.114963601E3;5.228807601E1;4.842509950E0;-1.306887674E0;7.986663464E0;1.869861145E2;3.398519782E0;3.000000000E0
1.115963600E3;5.228800196E1;4.842487910E0;-1.439254008E0;8.310606353E0;1.873059387E2;4.285177532E0;3.000000000E0
1.116963600E3;5.228792913E1;4.842467979E0;-1.343155026E0;8.484686481E0;1.873059387E2;4.263448980E0;3.000000000E0
1.117963598E3;5.228785455E1;4.842451380E0;-2.066536836E0;8.598994844E0;1.873059387E2;4.370599972E0;3.000000000E0
1.118963597E3;5.228777659E1;4.842433164E0;-2.110516731E0;8.739438118E0;1.902145884E2;5.650945111E0;3.000000000E0
1.119963596E3;5.228770417E1;4.842400453E0;-1.857256427E0;8.729382486E0;1.946714756E2;5.467188578E0;3.000000000E0
1.120963595E3;5.228763018E1;4.842359405E0;-2.101135985E0;8.764637688E0;1.984332000E2;5.163719256E0;3.000000000E0
1.121963594E3;5.228755504E1;4.842322264E0;-2.237860980E0;8.801595063E0;1.985759717E2;4.513197939E0;3.000000000E0
1.122963593E3;5.228747428E1;4.842357456E0;-2.198416244E0;8.632321119E0;1.887156067E2;4.507415819E0;3.000000000E0
1.123963592E3;5.228739987E1;4.842338457E0;-2.276561634E0;8.388109061E0;1.894900360E2;4.558049099E0;3.000000000E0
1.124963591E3;5.228733650E1;4.842333214E0;-2.360908477E0;8.022335205E0;1.894900360E2;3.463140361E0;3.000000000E0
1.125963590E3;5.228727110E1;4.842319966E0;-2.178495315E0;7.667779809E0;1.894900360E2;3.405226402E0;3.000000000E0
1.126963589E3;5.228720603E1;4.842305297E0;-1.557485718E0;7.074000927E0;1.897976990E2;3.722231557E0;3.000000000E0
1.127963588E3;5.228715165E1;4.842292083E0;-2.024780664E0;6.311725579E0;1.897976990E2;3.624585799E0;3.000000000E0
1.128963587E3;5.228710275E1;4.842277069E0;-1.934691411E0;5.530620639E0;1.897976990E2;3.918680093E0;3.000000000E0
1.129963586E3;5.228705258E1;4.842262405E0;-1.712673130E0;5.685748682E0;1.900015106E2;3.901329324E0;3.000000000E0
1.130963585E3;5.228699481E1;4.842247960E0;-1.702724576E0;6.252476101E0;1.900015106E2;3.886136387E0;3.000000000E0
1.131963584E3;5.228695158E1;4.842232504E0;-1.485033236E0;5.815312569E0;1.900015106E2;4.016075449E0;3.000000000E0
1.132963583E3;5.228690752E1;4.842219278E0;-1.665605241E0;5.477185900E0;1.900015106E2;4.097912117E0;3.000000000E0
1.133963582E3;5.228685860E1;4.842192888E0;-1.687574775E0;5.380474270E0;1.900015106E2;4.163974071E0;3.000000000E0
1.134963581E3;5.228680905E1;4.842171733E0;-1.834316798E0;5.999985537E0;1.900015106E2;4.244296405E0;3.000000000E0
1.135963579E3;5.228676867E1;4.842160120E0;-1.255825737E0;6.637740679E0;2.316737431E2;7.649568751E0;3.000000000E0
1.136963579E3;5.228676007E1;4.841931317E0;-1.849219627E0;7.493336696E0;2.723201599E2;4.478703796E0;3.000000000E0
1.137963577E3;5.228675338E1;4.841798985E0;-1.401542947E0;8.166929416E0;2.719084778E2;4.449949637E0;3.000000000E0
1.138963576E3;5.228675220E1;4.841666469E0;-1.373655420E0;8.726038179E0;2.722519836E2;4.492988523E0;3.000000000E0
1.139963576E3;5.228675241E1;4.841524255E0;-2.382011586E0;9.478259868E0;2.722519836E2;4.616225143E0;3.000000000E0
1.140963574E3;5.228675447E1;4.841383534E0;-3.249241824E0;1.014577317E1;2.722519836E2;5.307542396E0;3.000000000E0
1.141963574E3;5.228675548E1;4.841236690E0;-3.266649477E0;1.065346292E1;2.716044922E2;5.263835974E0;3.000000000E0
1.142963572E3;5.228675748E1;4.841096098E0;-2.263125956E0;1.084718970E1;2.716044922E2;5.690732207E0;3.000000000E0
1.143963572E3;5.228675730E1;4.840945715E0;-1.905425651E0;1.116984436E1;2.716044922E2;6.177178486E0;3.000000000E0
1.144963571E3;5.228675255E1;4.840782934E0;-1.898545614E0;1.161743464E1;2.716243591E2;6.717211141E0;3.000000000E0
1.145963570E3;5.228675092E1;4.840606075E0;-2.560531344E0;1.224187941E1;2.716243591E2;7.283547289E0;3.000000000E0
1.146963354E3;5.228675836E1;4.840444650E0;-2.116768503E0;1.245121551E1;2.716243591E2;7.814679657E0;3.000000000E0
1.147963371E3;5.228675727E1;4.840252203E0;-2.429857467E0;1.295741319E1;2.722565613E2;8.079100051E0;3.000000000E0
1.148963371E3;5.228676518E1;4.840049615E0;-2.156269358E0;1.336335349E1;2.722565613E2;7.617507122E0;3.000000000E0
1.149963735E3;5.228676741E1;4.839826400E0;-2.341815220E0;1.380041195E1;2.723685303E2;7.327751559E0;3.000000000E0
1.150963446E3;5.228676844E1;4.839615972E0;-1.751739506E0;1.398102384E1;2.723685303E2;7.256761588E0;3.000000000E0
1.151963445E3;5.228680180E1;4.839417261E0;-1.768192634E0;1.413669788E1;2.727993774E2;4.881978210E0;3.000000000E0
1.152963361E3;5.228680728E1;4.839201375E0;-1.645289229E0;1.437133525E1;2.733979492E2;5.230230544E0;3.000000000E0
1.153963104E3;5.228681435E1;4.838978136E0;-1.683341277E0;1.460978071E1;2.733979492E2;5.561719596E0;3.000000000E0
1.154963103E3;5.228682339E1;4.838755989E0;-1.434388572E0;1.478832138E1;2.742490845E2;6.023483110E0;3.000000000E0
1.155963969E3;5.228683224E1;4.838532362E0;-1.331456700E0;1.491178134E1;2.732945251E2;6.517796489E0;3.000000000E0
1.156963476E3;5.228683901E1;4.838311779E0;-1.514452723E0;1.492103551E1;2.732945251E2;7.098177977E0;3.000000000E0
1.157963474E3;5.228684260E1;4.838099322E0;-1.524873079E0;1.479555416E1;2.734263000E2;7.521843592E0;3.000000000E0
1.158963605E3;5.228684374E1;4.837879432E0;-1.753351843E0;1.482862633E1;2.734263000E2;7.832908625E0;3.000000000E0
1.159963150E3;5.228684380E1;4.837648770E0;-1.786054957E0;1.475630175E1;2.746762085E2;7.898081910E0;3.000000000E0
1.160963148E3;5.228687103E1;4.837421290E0;-1.351695340E0;1.448416936E1;2.755211487E2;7.956425710E0;3.000000000E0
1.161963148E3;5.228689547E1;4.837230894E0;-1.987729216E0;1.401538499E1;2.749718933E2;5.704506692E0;3.000000000E0
1.162963147E3;5.228690967E1;4.837030359E0;-1.796140927E0;1.365327780E1;2.749718933E2;5.852415943E0;3.000000000E0
1.163963145E3;5.228692431E1;4.836840148E0;-2.166756070E0;1.327352441E1;2.752654114E2;6.064514519E0;3.000000000E0
1.164963145E3;5.228693712E1;4.836648717E0;-2.228477549E0;1.290357838E1;2.752654114E2;6.368344009E0;3.000000000E0
1.165963143E3;5.228694812E1;4.836461878E0;-2.514430408E0;1.216899088E1;2.755864868E2;6.724815627E0;3.000000000E0
1.166963143E3;5.228695915E1;4.836294643E0;-2.669170795E0;1.144282004E1;2.755864868E2;7.130635042E0;3.000000000E0
1.167963142E3;5.228696828E1;4.836140036E0;-3.181404063E0;1.045791153E1;2.761719971E2;7.451396119E0;3.000000000E0
1.168963141E3;5.228697436E1;4.835998159E0;-3.751031951E0;9.360125875E0;2.761719971E2;7.155000530E0;3.000000000E0
1.169963139E3;5.228697915E1;4.835874757E0;-3.711274086E0;8.790747056E0;2.761719971E2;7.031323821E0;3.000000000E0
1.170963139E3;5.228697139E1;4.835747065E0;-3.767880336E0;8.260581725E0;2.761719971E2;7.145619427E0;3.000000000E0
1.171963138E3;5.228697948E1;4.835622941E0;-3.311507612E0;8.358656948E0;2.761719971E2;7.289130932E0;3.000000000E0
1.172963136E3;5.228689160E1;4.835479855E0;-3.813183430E0;8.541316108E0;2.332942147E2;7.218724776E0;3.000000000E0
1.173963135E3;5.228681000E1;4.835410232E0;-3.827976420E0;9.113239248E0;2.014184265E2;7.274023728E0;3.000000000E0
1.174963135E3;5.228672304E1;4.835335950E0;-4.387618434E0;9.864722061E0;2.014184265E2;7.378587554E0;3.000000000E0
1.175963134E3;5.228663449E1;4.835264250E0;-4.390521750E0;1.045126258E1;2.013414001E2;7.352809975E0;3.000000000E0
1.176963133E3;5.228654200E1;4.835204037E0;-4.360088071E0;1.104406971E1;2.016956482E2;7.260735181E0;3.000000000E0
1.177963132E3;5.228644701E1;4.835136099E0;-4.814397165E0;1.157083719E1;2.014405365E2;7.103612170E0;3.000000000E0
1.178963131E3;5.228634078E1;4.835062990E0;-4.968109654E0;1.194200087E1;2.012951813E2;7.045544361E0;3.000000000E0
1.179963129E3;5.228623269E1;4.834994429E0;-5.099595745E0;1.224868293E1;2.014342499E2;7.018013275E0;3.000000000E0
1.180963128E3;5.228612597E1;4.834928586E0;-5.931762514E0;1.269578532E1;2.014342499E2;7.027645979E0;3.000000000E0
1.181963128E3;5.228601259E1;4.834863743E0;-5.787376087E0;1.317210857E1;2.014342499E2;7.101127965E0;3.000000000E0
1.182963127E3;5.228589860E1;4.834789834E0;-5.675517367E0;1.357704401E1;2.027400970E2;7.068618533E0;3.000000000E0
1.183963125E3;5.228578821E1;4.834710287E0;-5.621335760E0;1.357278913E1;2.027974243E2;7.083463059E0;3.000000000E0
1.184963124E3;5.228567410E1;4.834640273E0;-5.922019537E0;1.372661652E1;2.021995087E2;7.060435226E0;3.000000000E0
1.185963123E3;5.228556444E1;4.834560882E0;-7.239617827E0;1.376644613E1;2.020775146E2;7.007535509E0;3.000000000E0
1.186963122E3;5.228544269E1;4.834490783E0;-6.803914222E0;1.371901423E1;2.020775146E2;7.066686926E0;3.000000000E0
1.187963122E3;5.228532744E1;4.834429737E0;-6.204113157E0;1.356171737E1;2.030387268E2;7.187409876E0;3.000000000E0
1.188963120E3;5.228521811E1;4.834356899E0;-6.676733486E0;1.338885830E1;2.054441833E2;7.101675164E0;3.000000000E0
1.189963120E3;5.228511082E1;4.834266495E0;-7.166295389E0;1.359308051E1;2.059923859E2;7.109815636E0;3.000000000E0
1.190963118E3;5.228500702E1;4.834175276E0;-6.039931310E0;1.352917813E1;2.059923859E2;7.046320303E0;3.000000000E0
1.191963117E3;5.228490486E1;4.834057255E0;-6.443471887E0;1.357561050E1;2.053331757E2;6.934977204E0;3.000000000E0
1.192963116E3;5.228479387E1;4.833972194E0;-6.526260184E0;1.370111494E1;2.053331757E2;6.951452235E0;3.000000000E0
1.193963115E3;5.228467314E1;4.833912596E0;-4.502085417E0;1.362505295E1;2.026071930E2;7.076897011E0;3.000000000E0
1.194963114E3;5.228455548E1;4.833854479E0;-4.610809305E0;1.374945124E1;2.026071930E2;7.082583114E0;3.000000000E0
1.195963113E3;5.228444086E1;4.833765402E0;-6.765734717E0;1.382618669E1;2.026071930E2;7.141287053E0;3.000000000E0
1.196963112E3;5.228432433E1;4.833688984E0;-5.709524400E0;1.362246768E1;2.021819611E2;7.095650498E0;3.000000000E0
1.197963111E3;5.228422174E1;4.833597469E0;-5.482282280E0;1.313171634E1;2.025686340E2;6.965013609E0;3.000000000E0
1.198963110E3;5.228411286E1;4.833522363E0;-3.911780603E0;1.286921751E1;2.030968628E2;6.975221386E0;3.000000000E0
1.199963109E3;5.228400945E1;4.833446154E0;-3.911846915E0;1.219234251E1;2.030968628E2;7.017044216E0;3.000000000E0
1.200963108E3;5.228391172E1;4.833366841E0;-4.481557325E0;1.145916017E1;2.030968628E2;7.072518206E0;3.000000000E0
1.201963107E3;5.228382540E1;4.833300459E0;-4.334308281E0;1.050524465E1;2.053316650E2;7.174727427E0;3.000000000E0
1.202963106E3;5.228374554E1;4.833235384E0;-4.321447204E0;9.649502724E0;2.053316650E2;7.272648622E0;3.000000000E0
1.203963105E3;5.228366739E1;4.833177511E0;-4.251665763E0;8.931029734E0;2.058191071E2;7.286101315E0;3.000000000E0
1.204963104E3;5.228360466E1;4.833124806E0;-4.362768044E0;7.928002677E0;2.058191071E2;7.229218258E0;3.000000000E0
1.205963103E3;5.228354432E1;4.833082434E0;-4.376169244E0;7.006297546E0;2.058191071E2;7.108993134E0;3.000000000E0
1.206963102E3;5.228349505E1;4.833050326E0;-4.645632672E0;5.817907832E0;2.047004089E2;6.883421176E0;3.000000000E0
1.207963100E3;5.228345729E1;4.833026406E0;-4.376843210E0;4.302845994E0;2.047004089E2;6.701594455E0;3.000000000E0
1.208963100E3;5.228343085E1;4.833017734E0;-4.368888875E0;2.882157919E0;2.047004089E2;6.400597806E0;3.000000000E0
1.209963099E3;5.228341923E1;4.833015739E0;-4.506924816E0;1.714328167E0;2.047004089E2;6.052335905E0;3.000000000E0
1.210963098E3;5.228342097E1;4.833016351E0;-4.361252396E0;1.004972195E0;2.047004089E2;5.790153775E0;3.000000000E0
1.211963097E3;5.228342608E1;4.833019965E0;-4.575724501E0;8.567838161E-1;2.047004089E2;5.643118814E0;3.000000000E0
1.212963096E3;5.228342672E1;4.833027156E0;-4.547591376E0;7.148321672E-1;2.047004089E2;5.534025782E0;3.000000000E0
1.213963095E3;5.228342816E1;4.833028440E0;-4.543876655E0;0.000000000E0;2.047004089E2;5.398121292E0;3.000000000E0
1.214963094E3;5.228343772E1;4.833045277E0;-4.660538033E0;2.832193591E-1;2.047004089E2;5.307918314E0;3.000000000E0
1.215963092E3;5.228343956E1;4.833050998E0;-4.804785043E0;2.113040539E-1;2.047004089E2;5.203514519E0;3.000000000E0
1.216963092E3;5.228344012E1;4.833055233E0;-4.542215308E0;1.335025050E-1;2.047004089E2;5.120052299E0;3.000000000E0
1.217963091E3;5.228343791E1;4.833057301E0;-4.382578155E0;1.167123795E-1;2.047004089E2;5.059958205E0;3.000000000E0
1.218963089E3;5.228343910E1;4.833056542E0;-4.198838684E0;1.001944824E-1;2.047004089E2;5.004543811E0;3.000000000E0
1.219963089E3;5.228343674E1;4.833061348E0;-4.042923464E0;6.104208442E-2;2.047004089E2;4.921734435E0;3.000000000E0
1.220963088E3;5.228343773E1;4.833063644E0;-3.939815966E0;5.649830466E-2;2.047004089E2;4.849796780E0;3.000000000E0
1.221963087E3;5.228343856E1;4.833063446E0;-3.834481626E0;0.000000000E0;2.047004089E2;4.771377755E0;3.000000000E0
1.222963086E3;5.228343856E1;4.833063446E0;-3.834481626E0;0.000000000E0;2.047004089E2;4.760750382E0;3.000000000E0
1.223963085E3;5.228343856E1;4.833063446E0;-3.834481626E0;0.000000000E0;2.047004089E2;4.778983183E0;3.000000000E0
1.224963084E3;5.228343856E1;4.833063446E0;-3.834481626E0;0.000000000E0;2.047004089E2;4.818371563E0;3.000000000E0
1.225963082E3;5.228343856E1;4.833063446E0;-3.834481626E0;0.000000000E0;2.047004089E2;4.864508699E0;3.000000000E0
1.226963082E3;5.228343856E1;4.833063446E0;-3.834481626E0;0.000000000E0;2.047004089E2;4.696149597E0;3.000000000E0
1.227963080E3;5.228343856E1;4.833063446E0;-3.834481626E0;0.000000000E0;2.047004089E2;4.594238259E0;3.000000000E0
1.228963079E3;5.228343856E1;4.833063446E0;-3.834481626E0;0.000000000E0;2.047004089E2;4.538436839E0;3.000000000E0
1.229963078E3;5.228343856E1;4.833063446E0;-3.834481626E0;0.000000000E0;2.047004089E2;4.480794455E0;3.000000000E0
1.230963078E3;5.228343856E1;4.833063446E0;-3.834481626E0;0.000000000E0;2.047004089E2;4.429603841E0;3.000000000E0
1.231963077E3;5.228343856E1;4.833063446E0;-3.834481626E0;0.000000000E0;2.047004089E2;4.398021353E0;3.000000000E0
1.232963075E3;5.228342683E1;4.833083445E0;-3.800782051E0;1.185280800E0;2.047004089E2;4.394335606E0;3.000000000E0
1.233963074E3;5.228341558E1;4.833023033E0;-3.962999981E0;2.636870194E0;2.047004089E2;3.323113898E0;3.000000000E0
1.234963074E3;5.228338329E1;4.833000827E0;-3.734023411E0;4.022066770E0;2.047004089E2;3.256958204E0;3.000000000E0
1.235963073E3;5.228334295E1;4.832975937E0;-3.398733456E0;5.024936545E0;2.047004089E2;3.247749045E0;3.000000000E0
1.236963071E3;5.228329560E1;4.832946477E0;-3.097791969E0;5.865414446E0;2.041401825E2;3.435580006E0;3.000000000E0
1.237963070E3;5.228324311E1;4.832909215E0;-3.028075761E0;6.574854342E0;2.042066040E2;3.645113636E0;3.000000000E0
1.238963070E3;5.228318623E1;4.832869454E0;-2.936827279E0;7.187393430E0;2.042066040E2;3.883631551E0;3.000000000E0
1.239963069E3;5.228312446E1;4.832822365E0;-2.826085577E0;7.727771749E0;2.042066040E2;4.131697707E0;3.000000000E0
1.240963068E3;5.228305390E1;4.832770099E0;-2.803769968E0;8.322337619E0;2.045684357E2;4.450809005E0;3.000000000E0
1.241963066E3;5.228297933E1;4.832720736E0;-2.794265501E0;8.906584309E0;2.051116791E2;4.729691911E0;3.000000000E0
1.242963066E3;5.228290782E1;4.832662930E0;-2.539616155E0;9.247867231E0;2.053074646E2;4.975163662E0;3.000000000E0
1.243963064E3;5.228282667E1;4.832599835E0;-2.440753989E0;9.676305441E0;2.053074646E2;5.247287975E0;3.000000000E0
1.244963063E3;5.228273652E1;4.832534447E0;-2.244245365E0;1.022507574E1;2.053878632E2;5.451328705E0;3.000000000E0
1.245963063E3;5.228264412E1;4.832474908E0;-2.579359436E0;1.067955474E1;2.046882477E2;5.463860983E0;3.000000000E0
1.246963062E3;5.228255455E1;4.832422262E0;-2.435998963E0;1.095594639E1;2.046882477E2;5.474726571E0;3.000000000E0
1.247963061E3;5.228246813E1;4.832338345E0;-1.724395498E0;1.099138954E1;2.044104309E2;5.602967142E0;3.000000000E0
1.248963060E3;5.228237703E1;4.832270928E0;-1.546633955E0;1.086190011E1;2.044104309E2;5.838044606E0;3.000000000E0
1.249963059E3;5.228229448E1;4.832183999E0;-1.791304434E0;1.055834905E1;2.044104309E2;4.705209054E0;3.000000000E0
1.250963057E3;5.228221185E1;4.832123054E0;-2.461185748E0;1.012491199E1;2.044104309E2;4.567461861E0;3.000000000E0
1.251963056E3;5.228213415E1;4.832066790E0;-2.172487969E0;9.258877694E0;2.036815643E2;4.514652212E0;3.000000000E0
1.252963055E3;5.228205862E1;4.832012243E0;-2.970314440E0;8.483559897E0;2.036815643E2;4.828291740E0;3.000000000E0
1.253963054E3;5.228198640E1;4.831961446E0;-2.970722450E0;7.546599422E0;2.027625885E2;5.148222060E0;3.000000000E0
1.254963053E3;5.228192882E1;4.831921819E0;-3.458096314E0;6.335005038E0;2.027625885E2;5.438480007E0;3.000000000E0
1.255963052E3;5.228188147E1;4.831886132E0;-3.244085068E0;5.275790814E0;2.027625885E2;5.651896233E0;3.000000000E0
1.256963051E3;5.228184490E1;4.831858306E0;-3.392141456E0;4.940544023E0;2.027625885E2;5.792807919E0;3.000000000E0
1.257963050E3;5.228180811E1;4.831818945E0;-3.806674508E0;4.945906140E0;2.027625885E2;5.892769209E0;3.000000000E0
1.258963049E3;5.228178246E1;4.831762423E0;-4.028382033E0;5.340100618E0;2.023989105E2;6.007598547E0;3.000000000E0
1.259963048E3;5.228177033E1;4.831683368E0;-3.984314444E0;5.745042330E0;2.522268036E2;6.269570577E0;3.000000000E0
1.260963047E3;5.228177615E1;4.831598914E0;-3.923194488E0;6.101725585E0;2.939476624E2;6.550205427E0;3.000000000E0
1.261963046E3;5.228179242E1;4.831510805E0;-3.838149345E0;6.571347032E0;2.929424438E2;6.839574212E0;3.000000000E0
1.262963045E3;5.228181692E1;4.831429144E0;-3.709617582E0;6.893134850E0;2.931313171E2;7.042172904E0;3.000000000E0
1.263963044E3;5.228183949E1;4.831330216E0;-3.758013660E0;7.513189304E0;2.931313171E2;6.991381895E0;3.000000000E0
1.264963043E3;5.228186747E1;4.831204670E0;-3.885283083E0;8.255215044E0;2.934491882E2;6.951634867E0;3.000000000E0
1.265963042E3;5.228189830E1;4.831084332E0;-3.841257282E0;8.831280660E0;2.933813477E2;6.796371283E0;3.000000000E0
1.266963042E3;5.228193013E1;4.830950205E0;-3.741624752E0;9.418553373E0;2.933813477E2;6.812988102E0;3.000000000E0
1.267963040E3;5.228196898E1;4.830817184E0;-3.972852668E0;9.912279651E0;2.942725525E2;6.856256848E0;3.000000000E0
1.268963039E3;5.228200952E1;4.830671555E0;-3.985541066E0;1.045441995E1;2.942725525E2;6.851730698E0;3.000000000E0
1.269963037E3;5.228205411E1;4.830518757E0;-3.543718964E0;1.085880414E1;2.944908752E2;6.838003974E0;3.000000000E0
1.270963037E3;5.228209604E1;4.830369886E0;-3.385459814E0;1.117589267E1;2.944908752E2;7.029612363E0;3.000000000E0
1.271963036E3;5.228213507E1;4.830219170E0;-3.233338915E0;1.139958732E1;2.945206604E2;7.096560071E0;3.000000000E0
1.272963262E3;5.228218780E1;4.830054655E0;-3.646860714E0;1.179674213E1;2.945206604E2;7.171977341E0;3.000000000E0
1.273963409E3;5.228223163E1;4.829893434E0;-3.190225382E0;1.188390059E1;2.946333008E2;7.164399129E0;3.000000000E0
1.274963408E3;5.228227303E1;4.829735125E0;-2.730182294E0;1.166959959E1;2.946333008E2;7.200938804E0;3.000000000E0
1.275963628E3;5.228231934E1;4.829584040E0;-3.297885322E0;1.138130127E1;2.933785706E2;7.325929481E0;3.000000000E0
1.276963398E3;5.228236353E1;4.829425398E0;-3.431482092E0;1.083169991E1;2.945902100E2;7.302785456E0;3.000000000E0
1.277963398E3;5.228240859E1;4.829272311E0;-3.642694899E0;1.024441821E1;2.944806824E2;7.351426725E0;3.000000000E0
1.278963708E3;5.228244823E1;4.829135240E0;-3.676828913E0;9.588835868E0;2.944806824E2;7.353696710E0;3.000000000E0
1.279963099E3;5.228248338E1;4.829016153E0;-3.909760593E0;8.801980113E0;2.941885071E2;7.461180482E0;3.000000000E0
1.280963098E3;5.228251418E1;4.828918735E0;-3.797417249E0;7.600260840E0;2.944888916E2;7.546155072E0;3.000000000E0
1.281963521E3;5.228253974E1;4.828827816E0;-3.799969710E0;6.484841581E0;2.944888916E2;7.573587286E0;3.000000000E0
1.282962860E3;5.228255940E1;4.828753030E0;-3.813212907E0;5.857245248E0;2.964915771E2;7.560994513E0;3.000000000E0
1.283962860E3;5.228258310E1;4.828672689E0;-3.870577401E0;5.640186548E0;2.970321655E2;7.595500898E0;3.000000000E0
1.284963759E3;5.228261149E1;4.828606278E0;-3.877370914E0;5.836565258E0;2.989881592E2;7.693711528E0;3.000000000E0
1.285963417E3;5.228266123E1;4.828543714E0;-3.958849821E0;6.649557359E0;3.248918457E2;7.725732048E0;3.000000000E0
1.286963416E3;5.228272473E1;4.828493784E0;-3.557183535E0;7.300036176E0;3.372098389E2;7.507241103E0;3.000000000E0
1.287963416E3;5.228278465E1;4.828437855E0;-3.646560082E0;7.897767975E0;3.401249084E2;7.433534364E0;3.000000000E0
1.288963415E3;5.228285713E1;4.828397131E0;-3.588550255E0;8.473762374E0;3.383706360E2;7.371536505E0;3.000000000E0
1.289963413E3;5.228291832E1;4.828357635E0;-3.245758496E0;8.715187213E0;3.350411682E2;7.209377766E0;3.000000000E0
1.290963413E3;5.228298683E1;4.828292285E0;-2.465165182E0;9.014506081E0;3.229938965E2;7.230763214E0;3.000000000E0
1.291963412E3;5.228304683E1;4.828166979E0;-2.797910158E0;9.682575959E0;3.027340088E2;7.310297387E0;3.000000000E0
1.292963411E3;5.228308644E1;4.828020551E0;-3.098060452E0;8.994482979E0;2.935693970E2;6.853636488E0;3.000000000E0
1.293963409E3;5.228311179E1;4.827886973E0;-2.082124813E0;9.171590474E0;2.942207947E2;6.936874500E0;3.000000000E0
1.294963408E3;5.228315245E1;4.827747754E0;-2.279836779E0;9.352525453E0;2.942207947E2;7.110017544E0;3.000000000E0
1.295963407E3;5.228317915E1;4.827618583E0;-3.244955393E0;9.029788401E0;2.942207947E2;7.211124139E0;3.000000000E0
1.296963406E3;5.228322656E1;4.827510765E0;-2.767455796E0;8.757620171E0;2.942207947E2;7.508175761E0;3.000000000E0
1.297963405E3;5.228325517E1;4.827408939E0;-2.632247229E0;8.208168335E0;2.946307068E2;7.879110089E0;3.000000000E0
1.298963404E3;5.228330271E1;4.827330257E0;-2.943619449E0;7.604507524E0;2.946307068E2;5.271699177E0;3.000000000E0
1.299963403E3;5.228332780E1;4.827251757E0;-3.230976623E0;6.647471893E0;2.946307068E2;5.607241514E0;3.000000000E0
1.300963402E3;5.228334669E1;4.827183751E0;-3.336818423E0;5.598353808E0;2.946307068E2;5.982870913E0;3.000000000E0
1.301963401E3;5.228335930E1;4.827125187E0;-3.633149055E0;4.085621962E0;2.946307068E2;6.008213667E0;3.000000000E0
1.302963401E3;5.228335916E1;4.827096822E0;-3.286901016E0;2.188360860E0;2.946307068E2;6.149044724E0;3.000000000E0
1.303963399E3;5.228335322E1;4.827091419E0;-3.758456343E0;7.206376175E-1;2.946307068E2;6.352574316E0;3.000000000E0
1.304963398E3;5.228334653E1;4.827090848E0;-3.971788968E0;4.385748174E-1;2.946307068E2;6.562413047E0;3.000000000E0
1.305963397E3;5.228334515E1;4.827091506E0;-4.020321584E0;0.000000000E0;2.946307068E2;6.704352126E0;3.000000000E0
1.306963396E3;5.228333825E1;4.827065960E0;-4.360165174E0;1.276228262E0;2.946307068E2;6.911203221E0;3.000000000E0
1.307963395E3;5.228333669E1;4.827071322E0;-4.354848583E0;0.000000000E0;2.946307068E2;7.126120381E0;3.000000000E0
1.308963393E3;5.228339073E1;4.827007711E0;-3.970747194E0;2.943432520E0;2.946307068E2;5.777539079E0;3.000000000E0
1.309963393E3;5.228339934E1;4.826975280E0;-3.815284085E0;2.627531548E0;2.946038513E2;5.810679551E0;3.000000000E0
1.310963392E3;5.228340706E1;4.826931892E0;-3.424619627E0;2.759876016E0;2.946038513E2;6.083627721E0;3.000000000E0
1.311963391E3;5.228341617E1;4.826884109E0;-3.150115556E0;3.106783538E0;2.946038513E2;6.198258956E0;3.000000000E0
1.312963390E3;5.228341898E1;4.826839358E0;-4.361551670E0;3.204881761E0;2.946038513E2;6.291942247E0;3.000000000E0
1.313963389E3;5.228342238E1;4.826814046E0;-4.454428681E0;3.518282059E0;2.946038513E2;6.406827416E0;3.000000000E0
1.314963388E3;5.228342065E1;4.826797511E0;-2.989869907E0;3.934357489E0;2.362083605E2;6.928686101E0;3.000000000E0
1.315963387E3;5.228333036E1;4.826716161E0;-4.078643852E0;4.683965762E0;2.004432983E2;7.337691372E0;3.000000000E0
1.316963386E3;5.228329491E1;4.826683839E0;-3.408393240E0;4.344008558E0;2.004432983E2;7.903382719E0;3.000000000E0
1.317963385E3;5.228324963E1;4.826633987E0;-3.725268213E0;4.225438504E0;2.040899506E2;8.228305251E0;3.002061629E0
1.318963384E3;5.228320604E1;4.826610082E0;-4.051048218E0;3.949289654E0;2.040899506E2;8.536247678E0;3.026503013E0
1.319963383E3;5.228314801E1;4.826622977E0;-4.686490890E0;3.712375577E0;2.045272064E2;8.264614536E0;3.038589461E0
1.320963382E3;5.228311079E1;4.826610033E0;-4.770268291E0;3.404226562E0;2.045272064E2;8.199865627E0;3.064386137E0
1.321963381E3;5.228308382E1;4.826563042E0;-4.991820854E0;3.136118803E0;2.045272064E2;7.768026847E0;3.078649544E0
1.322963380E3;5.228306344E1;4.826547877E0;-4.916778929E0;2.653762767E0;2.045272064E2;7.564435842E0;3.084163625E0
1.323963379E3;5.228304264E1;4.826532401E0;-4.885249689E0;2.310967519E0;2.045272064E2;7.596481706E0;3.105964591E0
1.324963378E3;5.228302553E1;4.826519670E0;-5.127166082E0;1.952115043E0;2.045272064E2;7.723276013E0;3.129511380E0
1.325963377E3;5.228299868E1;4.826499696E0;-5.111106608E0;2.215179089E0;2.045272064E2;7.648732876E0;3.136781360E0